Workbook
Name AllTeams: Settings!$B$9:$B$56
Name champ: #REF!
Name Champion: #REF!
Name db_fifarank: Settings!$B$9:$C$56
Name ExtraTeams: #REF!
Name FifaRank13_24: Settings!$G$9:$G$20
Name FifaRank25_36: Settings!$H$9:$H$18
Name FifaRank37Plus: Settings!$I$9:$I$32
Name Final: #REF!
Name finalas\: #REF!
Name gmt_delta: Settings!#REF!
Name GmtOffset: Settings!$C$4
Name Goals_Final: #REF!
Name Goals_Final_OT: #REF!
Name Goals_Quart: #REF!
Name Goals_Quart_OT: #REF!
Name Goals_Ro16: #REF!
Name Goals_Ro16_OT: #REF!
Name Goals_Semi: #REF!
Name GoalsSemi_OT: #REF!
Name HomeGoals: #REF!
Name ID_Home: #REF!
Name ID_Visitor: #REF!
Name itype: Settings!#REF!
Name lang: Settings!#REF!
Name lang_list: #REF!
Name lookup_3rd: #REF!
Name qfinal: #REF!
Name Quarterfinals: #REF!
Name Round_16: #REF!
Name round16: #REF!
Name Semifinals: #REF!
Name sfinal: #REF!
Name T: #REF!
Name tbl_lookup_3rd: #REF!
Name Teams: #REF!
Name Teams_Quart: #REF!
Name Teams_Ro16: #REF!
Name Teams_Semi: #REF!
Name TeamsFinal: #REF!
Name ThirdPlace: #REF!
Name VisitorsGoals: #REF!
Name WeakTeams: Settings!$I$9:$I$32
Name champ: #REF!
Name Champion: #REF!
Name ExtraTeams: #REF!
Name Final: #REF!
Name finalas\: #REF!
Name Goals_Final: #REF!
Name Goals_Final_OT: #REF!
Name Goals_Quart: #REF!
Name Goals_Quart_OT: #REF!
Name Goals_Ro16: #REF!
Name Goals_Ro16_OT: #REF!
Name Goals_Semi: #REF!
Name GoalsSemi_OT: #REF!
Name HomeGoals: #REF!
Name ID_Home: #REF!
Name ID_Visitor: #REF!
Name lang_list: #REF!

Sheet FIFA WC 2026
A1: FIFA WORLD CUP 2026
A2: ="Times shown in GMT" & IF(GmtOffset=0,"",IF(GmtOffset>0," + "&GmtOffset&"h"," "&GmtOffset&"h"))
A3: Group Stage | S3: Round of 32 | W3: Round of 16 | AA3: Quarterfinals | AE3: Semifinals | AI3: Final
S4: Team | T4: Score | U4: ET | V4: PEN | W4: Team | X4: Score | Y4: ET | Z4: PEN | AA4: Team | AB4: Score | AC4: ET | AD4: PEN | AE4: Team | AF4: Score | AG4: ET | AH4: PEN | AI4: Team | AJ4: Score | AK4: ET | AL4: PEN
A5: 1 | B5: =TEXT((46184)+(15+4+GmtOffset)/24,"ddd") | C5: =TEXT((46184)+(15+4+GmtOffset)/24,"mmm d, yyyy") | D5: =TEXT((46184)+(15+4+GmtOffset)/24,"h:mm") | E5: Mexico | F5: 2 | G5: 0 | H5: South Africa | I5: A | K5: Group A | S5: =IF((COUNTIF($F$5:$G$76,">=0")=144),IFERROR(INDEX($AP$81:$AP$92,1),"Runner-up A"),"Runner-up A")
A6: 2 | B6: =TEXT((46184)+(22+4+GmtOffset)/24,"ddd") | C6: =TEXT((46184)+(22+4+GmtOffset)/24,"mmm d, yyyy") | D6: =TEXT((46184)+(22+4+GmtOffset)/24,"h:mm") | E6: South Korea | F6: 2 | G6: 1 | H6: Czechia | I6: A | L6: PL | M6: W | N6: D | O6: L | P6: GF - GA | Q6: P | S6: =IF((COUNTIF($F$5:$G$76,">=0")=144),IFERROR(INDEX($AP$81:$AP$92,2),"Runner-up B"),"Runner-up B") | BD6: Mexico | BE6: {=SUMPRODUCT((((E5:E10=BD6)+(H5:H10=BD6))>0)*ISNUMBER(F5:F10)*ISNUMBER(G5:G10))} | BF6: {=SUMPRODUCT((E5:E10=BD6)*ISNUMBER(F5:F10)*ISNUMBER(G5:G10)*(F5:F10>G5:G10))+SUMPRODUCT((H5:H10=BD6)*ISNUMBER(F5:F10)*ISNUMBER(G5:G10)*(G5:G10>F5:F10))} | BG6: {=SUMPRODUCT((((E5:E10=BD6)+(H5:H10=BD6))>0)*ISNUMBER(F5:F10)*ISNUMBER(G5:G10)*(F5:F10=G5:G10))} | BH6: =BE6-BF6-BG6 | BI6: {=SUMPRODUCT((E5:E10=BD6)*IFERROR(F5:F10,0))+SUMPRODUCT((H5:H10=BD6)*IFERROR(G5:G10,0))} | BJ6: {=SUMPRODUCT((E5:E10=BD6)*IFERROR(G5:G10,0))+SUMPRODUCT((H5:H10=BD6)*IFERROR(F5:F10,0))} | BK6: =BF6*3+BG6 | BL6: =1+SUMPRODUCT(((BK$6:BK$9>BK6)+(BK$6:BK$9=BK6)*(BM$6:BM$9>BM6)+(BK$6:BK$9=BK6)*(BM$6:BM$9=BM6)*(BN$6:BN$9>BN6)+(BK$6:BK$9=BK6)*(BM$6:BM$9=BM6)*(BN$6:BN$9=BN6)*(BO$6:BO$9>BO6)+(BK$6:BK$9=BK6)*(BM$6:BM$9=BM6)*(BN$6:BN$9=BN6)*(BO$6:BO$9=BO6)*((BI$6:BI$9-BJ$6:BJ$9)>(BI6-BJ6))+(BK$6:BK$9=BK6)*(BM$6:BM$9=BM6)*(BN$6:BN$9=BN6)*(BO$6:BO$9=BO6)*((BI$6:BI$9-BJ$6:BJ$9)=(BI6-BJ6))*(BI$6:BI$9>BI6)+(BK$6:BK$9=BK6)*(BM$6:BM$9=BM6)*(BN$6:BN$9=BN6)*(BO$6:BO$9=BO6)*((BI$6:BI$9-BJ$6:BJ$9)=(BI6-BJ6))*(BI$6:BI$9=BI6)*(ROW(BK$6:BK$9)<ROW(BK6)))*1) | BM6: {=SUMPRODUCT((E$5:E$10=BD6)*ISNUMBER(F$5:F$10)*ISNUMBER(G$5:G$10)*COUNTIFS(BD$6:BD$9,H$5:H$10,BK$6:BK$9,BK6)*((F$5:F$10>G$5:G$10)*3+(F$5:F$10=G$5:G$10)))+SUMPRODUCT((H$5:H$10=BD6)*ISNUMBER(F$5:F$10)*ISNUMBER(G$5:G$10)*COUNTIFS(BD$6:BD$9,E$5:E$10,BK$6:BK$9,BK6)*((G$5:G$10>F$5:F$10)*3+(F$5:F$10=G$5:G$10)))} | BN6: {=SUMPRODUCT((E$5:E$10=BD6)*ISNUMBER(F$5:F$10)*ISNUMBER(G$5:G$10)*COUNTIFS(BD$6:BD$9,H$5:H$10,BK$6:BK$9,BK6)*(F$5:F$10-G$5:G$10))+SUMPRODUCT((H$5:H$10=BD6)*ISNUMBER(F$5:F$10)*ISNUMBER(G$5:G$10)*COUNTIFS(BD$6:BD$9,E$5:E$10,BK$6:BK$9,BK6)*(G$5:G$10-F$5:F$10))} | BO6: {=SUMPRODUCT((E$5:E$10=BD6)*ISNUMBER(F$5:F$10)*ISNUMBER(G$5:G$10)*COUNTIFS(BD$6:BD$9,H$5:H$10,BK$6:BK$9,BK6)*F$5:F$10)+SUMPRODUCT((H$5:H$10=BD6)*ISNUMBER(F$5:F$10)*ISNUMBER(G$5:G$10)*COUNTIFS(BD$6:BD$9,E$5:E$10,BK$6:BK$9,BK6)*G$5:G$10)}
A7: 3 | B7: =TEXT((46191)+(21+4+GmtOffset)/24,"ddd") | C7: =TEXT((46191)+(21+4+GmtOffset)/24,"mmm d, yyyy") | D7: =TEXT((46191)+(21+4+GmtOffset)/24,"h:mm") | E7: Mexico | H7: South Korea | I7: A | K7: =INDEX(BD6:BD9,MATCH(1,BL6:BL9,0)) | L7: =INDEX(BE6:BE9,MATCH(1,BL6:BL9,0)) | M7: =INDEX(BF6:BF9,MATCH(1,BL6:BL9,0)) | N7: =INDEX(BG6:BG9,MATCH(1,BL6:BL9,0)) | O7: =INDEX(BH6:BH9,MATCH(1,BL6:BL9,0)) | P7: =INDEX(BI6:BI9,MATCH(1,BL6:BL9,0))&" - "&INDEX(BJ6:BJ9,MATCH(1,BL6:BL9,0)) | Q7: =INDEX(BK6:BK9,MATCH(1,BL6:BL9,0)) | W7: =IF(AND(ISNUMBER(T9),ISNUMBER(T10)),IF(T9>T10,S9,IF(T10>T9,S10,IF(NOT(AND(ISNUMBER(U9),ISNUMBER(U10))),"",IF(U9>U10,S9,IF(U10>U9,S10,IF(NOT(AND(ISNUMBER(V9),ISNUMBER(V10))),"",IF(V9>V10,S9,IF(V10>V9,S10,"")))))))),"W74") | BD7: South Africa | BE7: {=SUMPRODUCT((((E5:E10=BD7)+(H5:H10=BD7))>0)*ISNUMBER(F5:F10)*ISNUMBER(G5:G10))} | BF7: {=SUMPRODUCT((E5:E10=BD7)*ISNUMBER(F5:F10)*ISNUMBER(G5:G10)*(F5:F10>G5:G10))+SUMPRODUCT((H5:H10=BD7)*ISNUMBER(F5:F10)*ISNUMBER(G5:G10)*(G5:G10>F5:F10))} | BG7: {=SUMPRODUCT((((E5:E10=BD7)+(H5:H10=BD7))>0)*ISNUMBER(F5:F10)*ISNUMBER(G5:G10)*(F5:F10=G5:G10))} | BH7: =BE7-BF7-BG7 | BI7: {=SUMPRODUCT((E5:E10=BD7)*IFERROR(F5:F10,0))+SUMPRODUCT((H5:H10=BD7)*IFERROR(G5:G10,0))} | BJ7: {=SUMPRODUCT((E5:E10=BD7)*IFERROR(G5:G10,0))+SUMPRODUCT((H5:H10=BD7)*IFERROR(F5:F10,0))} | BK7: =BF7*3+BG7 | BL7: =1+SUMPRODUCT(((BK$6:BK$9>BK7)+(BK$6:BK$9=BK7)*(BM$6:BM$9>BM7)+(BK$6:BK$9=BK7)*(BM$6:BM$9=BM7)*(BN$6:BN$9>BN7)+(BK$6:BK$9=BK7)*(BM$6:BM$9=BM7)*(BN$6:BN$9=BN7)*(BO$6:BO$9>BO7)+(BK$6:BK$9=BK7)*(BM$6:BM$9=BM7)*(BN$6:BN$9=BN7)*(BO$6:BO$9=BO7)*((BI$6:BI$9-BJ$6:BJ$9)>(BI7-BJ7))+(BK$6:BK$9=BK7)*(BM$6:BM$9=BM7)*(BN$6:BN$9=BN7)*(BO$6:BO$9=BO7)*((BI$6:BI$9-BJ$6:BJ$9)=(BI7-BJ7))*(BI$6:BI$9>BI7)+(BK$6:BK$9=BK7)*(BM$6:BM$9=BM7)*(BN$6:BN$9=BN7)*(BO$6:BO$9=BO7)*((BI$6:BI$9-BJ$6:BJ$9)=(BI7-BJ7))*(BI$6:BI$9=BI7)*(ROW(BK$6:BK$9)<ROW(BK7)))*1) | BM7: {=SUMPRODUCT((E$5:E$10=BD7)*ISNUMBER(F$5:F$10)*ISNUMBER(G$5:G$10)*COUNTIFS(BD$6:BD$9,H$5:H$10,BK$6:BK$9,BK7)*((F$5:F$10>G$5:G$10)*3+(F$5:F$10=G$5:G$10)))+SUMPRODUCT((H$5:H$10=BD7)*ISNUMBER(F$5:F$10)*ISNUMBER(G$5:G$10)*COUNTIFS(BD$6:BD$9,E$5:E$10,BK$6:BK$9,BK7)*((G$5:G$10>F$5:F$10)*3+(F$5:F$10=G$5:G$10)))} | BN7: {=SUMPRODUCT((E$5:E$10=BD7)*ISNUMBER(F$5:F$10)*ISNUMBER(G$5:G$10)*COUNTIFS(BD$6:BD$9,H$5:H$10,BK$6:BK$9,BK7)*(F$5:F$10-G$5:G$10))+SUMPRODUCT((H$5:H$10=BD7)*ISNUMBER(F$5:F$10)*ISNUMBER(G$5:G$10)*COUNTIFS(BD$6:BD$9,E$5:E$10,BK$6:BK$9,BK7)*(G$5:G$10-F$5:F$10))} | BO7: {=SUMPRODUCT((E$5:E$10=BD7)*ISNUMBER(F$5:F$10)*ISNUMBER(G$5:G$10)*COUNTIFS(BD$6:BD$9,H$5:H$10,BK$6:BK$9,BK7)*F$5:F$10)+SUMPRODUCT((H$5:H$10=BD7)*ISNUMBER(F$5:F$10)*ISNUMBER(G$5:G$10)*COUNTIFS(BD$6:BD$9,E$5:E$10,BK$6:BK$9,BK7)*G$5:G$10)}
A8: 4 | B8: =TEXT((46191)+(12+4+GmtOffset)/24,"ddd") | C8: =TEXT((46191)+(12+4+GmtOffset)/24,"mmm d, yyyy") | D8: =TEXT((46191)+(12+4+GmtOffset)/24,"h:mm") | E8: Czechia | H8: South Africa | I8: A | K8: =INDEX(BD6:BD9,MATCH(2,BL6:BL9,0)) | L8: =INDEX(BE6:BE9,MATCH(2,BL6:BL9,0)) | M8: =INDEX(BF6:BF9,MATCH(2,BL6:BL9,0)) | N8: =INDEX(BG6:BG9,MATCH(2,BL6:BL9,0)) | O8: =INDEX(BH6:BH9,MATCH(2,BL6:BL9,0)) | P8: =INDEX(BI6:BI9,MATCH(2,BL6:BL9,0))&" - "&INDEX(BJ6:BJ9,MATCH(2,BL6:BL9,0)) | Q8: =INDEX(BK6:BK9,MATCH(2,BL6:BL9,0)) | W8: =IF(AND(ISNUMBER(T21),ISNUMBER(T22)),IF(T21>T22,S21,IF(T22>T21,S22,IF(NOT(AND(ISNUMBER(U21),ISNUMBER(U22))),"",IF(U21>U22,S21,IF(U22>U21,S22,IF(NOT(AND(ISNUMBER(V21),ISNUMBER(V22))),"",IF(V21>V22,S21,IF(V22>V21,S22,"")))))))),"W77") | BD8: South Korea | BE8: {=SUMPRODUCT((((E5:E10=BD8)+(H5:H10=BD8))>0)*ISNUMBER(F5:F10)*ISNUMBER(G5:G10))} | BF8: {=SUMPRODUCT((E5:E10=BD8)*ISNUMBER(F5:F10)*ISNUMBER(G5:G10)*(F5:F10>G5:G10))+SUMPRODUCT((H5:H10=BD8)*ISNUMBER(F5:F10)*ISNUMBER(G5:G10)*(G5:G10>F5:F10))} | BG8: {=SUMPRODUCT((((E5:E10=BD8)+(H5:H10=BD8))>0)*ISNUMBER(F5:F10)*ISNUMBER(G5:G10)*(F5:F10=G5:G10))} | BH8: =BE8-BF8-BG8 | BI8: {=SUMPRODUCT((E5:E10=BD8)*IFERROR(F5:F10,0))+SUMPRODUCT((H5:H10=BD8)*IFERROR(G5:G10,0))} | BJ8: {=SUMPRODUCT((E5:E10=BD8)*IFERROR(G5:G10,0))+SUMPRODUCT((H5:H10=BD8)*IFERROR(F5:F10,0))} | BK8: =BF8*3+BG8 | BL8: =1+SUMPRODUCT(((BK$6:BK$9>BK8)+(BK$6:BK$9=BK8)*(BM$6:BM$9>BM8)+(BK$6:BK$9=BK8)*(BM$6:BM$9=BM8)*(BN$6:BN$9>BN8)+(BK$6:BK$9=BK8)*(BM$6:BM$9=BM8)*(BN$6:BN$9=BN8)*(BO$6:BO$9>BO8)+(BK$6:BK$9=BK8)*(BM$6:BM$9=BM8)*(BN$6:BN$9=BN8)*(BO$6:BO$9=BO8)*((BI$6:BI$9-BJ$6:BJ$9)>(BI8-BJ8))+(BK$6:BK$9=BK8)*(BM$6:BM$9=BM8)*(BN$6:BN$9=BN8)*(BO$6:BO$9=BO8)*((BI$6:BI$9-BJ$6:BJ$9)=(BI8-BJ8))*(BI$6:BI$9>BI8)+(BK$6:BK$9=BK8)*(BM$6:BM$9=BM8)*(BN$6:BN$9=BN8)*(BO$6:BO$9=BO8)*((BI$6:BI$9-BJ$6:BJ$9)=(BI8-BJ8))*(BI$6:BI$9=BI8)*(ROW(BK$6:BK$9)<ROW(BK8)))*1) | BM8: {=SUMPRODUCT((E$5:E$10=BD8)*ISNUMBER(F$5:F$10)*ISNUMBER(G$5:G$10)*COUNTIFS(BD$6:BD$9,H$5:H$10,BK$6:BK$9,BK8)*((F$5:F$10>G$5:G$10)*3+(F$5:F$10=G$5:G$10)))+SUMPRODUCT((H$5:H$10=BD8)*ISNUMBER(F$5:F$10)*ISNUMBER(G$5:G$10)*COUNTIFS(BD$6:BD$9,E$5:E$10,BK$6:BK$9,BK8)*((G$5:G$10>F$5:F$10)*3+(F$5:F$10=G$5:G$10)))} | BN8: {=SUMPRODUCT((E$5:E$10=BD8)*ISNUMBER(F$5:F$10)*ISNUMBER(G$5:G$10)*COUNTIFS(BD$6:BD$9,H$5:H$10,BK$6:BK$9,BK8)*(F$5:F$10-G$5:G$10))+SUMPRODUCT((H$5:H$10=BD8)*ISNUMBER(F$5:F$10)*ISNUMBER(G$5:G$10)*COUNTIFS(BD$6:BD$9,E$5:E$10,BK$6:BK$9,BK8)*(G$5:G$10-F$5:F$10))} | BO8: {=SUMPRODUCT((E$5:E$10=BD8)*ISNUMBER(F$5:F$10)*ISNUMBER(G$5:G$10)*COUNTIFS(BD$6:BD$9,H$5:H$10,BK$6:BK$9,BK8)*F$5:F$10)+SUMPRODUCT((H$5:H$10=BD8)*ISNUMBER(F$5:F$10)*ISNUMBER(G$5:G$10)*COUNTIFS(BD$6:BD$9,E$5:E$10,BK$6:BK$9,BK8)*G$5:G$10)}
A9: 5 | B9: =TEXT((46197)+(21+4+GmtOffset)/24,"ddd") | C9: =TEXT((46197)+(21+4+GmtOffset)/24,"mmm d, yyyy") | D9: =TEXT((46197)+(21+4+GmtOffset)/24,"h:mm") | E9: Czechia | H9: Mexico | I9: A | K9: =INDEX(BD6:BD9,MATCH(3,BL6:BL9,0)) | L9: =INDEX(BE6:BE9,MATCH(3,BL6:BL9,0)) | M9: =INDEX(BF6:BF9,MATCH(3,BL6:BL9,0)) | N9: =INDEX(BG6:BG9,MATCH(3,BL6:BL9,0)) | O9: =INDEX(BH6:BH9,MATCH(3,BL6:BL9,0)) | P9: =INDEX(BI6:BI9,MATCH(3,BL6:BL9,0))&" - "&INDEX(BJ6:BJ9,MATCH(3,BL6:BL9,0)) | Q9: =INDEX(BK6:BK9,MATCH(3,BL6:BL9,0)) | S9: =IF((COUNTIF($F$5:$G$76,">=0")=144),IFERROR(INDEX($AO$81:$AO$92,5),"Winner E"),"Winner E") | BD9: Czechia | BE9: {=SUMPRODUCT((((E5:E10=BD9)+(H5:H10=BD9))>0)*ISNUMBER(F5:F10)*ISNUMBER(G5:G10))} | BF9: {=SUMPRODUCT((E5:E10=BD9)*ISNUMBER(F5:F10)*ISNUMBER(G5:G10)*(F5:F10>G5:G10))+SUMPRODUCT((H5:H10=BD9)*ISNUMBER(F5:F10)*ISNUMBER(G5:G10)*(G5:G10>F5:F10))} | BG9: {=SUMPRODUCT((((E5:E10=BD9)+(H5:H10=BD9))>0)*ISNUMBER(F5:F10)*ISNUMBER(G5:G10)*(F5:F10=G5:G10))} | BH9: =BE9-BF9-BG9 | BI9: {=SUMPRODUCT((E5:E10=BD9)*IFERROR(F5:F10,0))+SUMPRODUCT((H5:H10=BD9)*IFERROR(G5:G10,0))} | BJ9: {=SUMPRODUCT((E5:E10=BD9)*IFERROR(G5:G10,0))+SUMPRODUCT((H5:H10=BD9)*IFERROR(F5:F10,0))} | BK9: =BF9*3+BG9 | BL9: =1+SUMPRODUCT(((BK$6:BK$9>BK9)+(BK$6:BK$9=BK9)*(BM$6:BM$9>BM9)+(BK$6:BK$9=BK9)*(BM$6:BM$9=BM9)*(BN$6:BN$9>BN9)+(BK$6:BK$9=BK9)*(BM$6:BM$9=BM9)*(BN$6:BN$9=BN9)*(BO$6:BO$9>BO9)+(BK$6:BK$9=BK9)*(BM$6:BM$9=BM9)*(BN$6:BN$9=BN9)*(BO$6:BO$9=BO9)*((BI$6:BI$9-BJ$6:BJ$9)>(BI9-BJ9))+(BK$6:BK$9=BK9)*(BM$6:BM$9=BM9)*(BN$6:BN$9=BN9)*(BO$6:BO$9=BO9)*((BI$6:BI$9-BJ$6:BJ$9)=(BI9-BJ9))*(BI$6:BI$9>BI9)+(BK$6:BK$9=BK9)*(BM$6:BM$9=BM9)*(BN$6:BN$9=BN9)*(BO$6:BO$9=BO9)*((BI$6:BI$9-BJ$6:BJ$9)=(BI9-BJ9))*(BI$6:BI$9=BI9)*(ROW(BK$6:BK$9)<ROW(BK9)))*1) | BM9: {=SUMPRODUCT((E$5:E$10=BD9)*ISNUMBER(F$5:F$10)*ISNUMBER(G$5:G$10)*COUNTIFS(BD$6:BD$9,H$5:H$10,BK$6:BK$9,BK9)*((F$5:F$10>G$5:G$10)*3+(F$5:F$10=G$5:G$10)))+SUMPRODUCT((H$5:H$10=BD9)*ISNUMBER(F$5:F$10)*ISNUMBER(G$5:G$10)*COUNTIFS(BD$6:BD$9,E$5:E$10,BK$6:BK$9,BK9)*((G$5:G$10>F$5:F$10)*3+(F$5:F$10=G$5:G$10)))} | BN9: {=SUMPRODUCT((E$5:E$10=BD9)*ISNUMBER(F$5:F$10)*ISNUMBER(G$5:G$10)*COUNTIFS(BD$6:BD$9,H$5:H$10,BK$6:BK$9,BK9)*(F$5:F$10-G$5:G$10))+SUMPRODUCT((H$5:H$10=BD9)*ISNUMBER(F$5:F$10)*ISNUMBER(G$5:G$10)*COUNTIFS(BD$6:BD$9,E$5:E$10,BK$6:BK$9,BK9)*(G$5:G$10-F$5:F$10))} | BO9: {=SUMPRODUCT((E$5:E$10=BD9)*ISNUMBER(F$5:F$10)*ISNUMBER(G$5:G$10)*COUNTIFS(BD$6:BD$9,H$5:H$10,BK$6:BK$9,BK9)*F$5:F$10)+SUMPRODUCT((H$5:H$10=BD9)*ISNUMBER(F$5:F$10)*ISNUMBER(G$5:G$10)*COUNTIFS(BD$6:BD$9,E$5:E$10,BK$6:BK$9,BK9)*G$5:G$10)}
A10: 6 | B10: =TEXT((46197)+(21+4+GmtOffset)/24,"ddd") | C10: =TEXT((46197)+(21+4+GmtOffset)/24,"mmm d, yyyy") | D10: =TEXT((46197)+(21+4+GmtOffset)/24,"h:mm") | E10: South Africa | H10: South Korea | I10: A | K10: =INDEX(BD6:BD9,MATCH(4,BL6:BL9,0)) | L10: =INDEX(BE6:BE9,MATCH(4,BL6:BL9,0)) | M10: =INDEX(BF6:BF9,MATCH(4,BL6:BL9,0)) | N10: =INDEX(BG6:BG9,MATCH(4,BL6:BL9,0)) | O10: =INDEX(BH6:BH9,MATCH(4,BL6:BL9,0)) | P10: =INDEX(BI6:BI9,MATCH(4,BL6:BL9,0))&" - "&INDEX(BJ6:BJ9,MATCH(4,BL6:BL9,0)) | Q10: =INDEX(BK6:BK9,MATCH(4,BL6:BL9,0)) | S10: =IF((COUNTIF($F$5:$G$76,">=0")=144),IFERROR(INDEX($AQ$81:$AQ$92,MATCH($BM$81,$AN$81:$AN$92,0)),"Best 3rd A/B/C/D/F"),"Best 3rd A/B/C/D/F")
A11: 7 | B11: =TEXT((46185)+(15+4+GmtOffset)/24,"ddd") | C11: =TEXT((46185)+(15+4+GmtOffset)/24,"mmm d, yyyy") | D11: =TEXT((46185)+(15+4+GmtOffset)/24,"h:mm") | E11: Canada | F11: 1 | G11: 1 | H11: Bosnia & Herzegovina | I11: B | K11: Group B | AA11: =IF(AND(ISNUMBER(X7),ISNUMBER(X8)),IF(X7>X8,W7,IF(X8>X7,W8,IF(NOT(AND(ISNUMBER(Y7),ISNUMBER(Y8))),"",IF(Y7>Y8,W7,IF(Y8>Y7,W8,IF(NOT(AND(ISNUMBER(Z7),ISNUMBER(Z8))),"",IF(Z7>Z8,W7,IF(Z8>Z7,W8,"")))))))),"W89")
A12: 8 | B12: =TEXT((46186)+(15+4+GmtOffset)/24,"ddd") | C12: =TEXT((46186)+(15+4+GmtOffset)/24,"mmm d, yyyy") | D12: =TEXT((46186)+(15+4+GmtOffset)/24,"h:mm") | E12: Qatar | H12: Switzerland | I12: B | L12: PL | M12: W | N12: D | O12: L | P12: GF - GA | Q12: P | AA12: =IF(AND(ISNUMBER(X15),ISNUMBER(X16)),IF(X15>X16,W15,IF(X16>X15,W16,IF(NOT(AND(ISNUMBER(Y15),ISNUMBER(Y16))),"",IF(Y15>Y16,W15,IF(Y16>Y15,W16,IF(NOT(AND(ISNUMBER(Z15),ISNUMBER(Z16))),"",IF(Z15>Z16,W15,IF(Z16>Z15,W16,"")))))))),"W90") | BD12: Canada | BE12: {=SUMPRODUCT((((E11:E16=BD12)+(H11:H16=BD12))>0)*ISNUMBER(F11:F16)*ISNUMBER(G11:G16))} | BF12: {=SUMPRODUCT((E11:E16=BD12)*ISNUMBER(F11:F16)*ISNUMBER(G11:G16)*(F11:F16>G11:G16))+SUMPRODUCT((H11:H16=BD12)*ISNUMBER(F11:F16)*ISNUMBER(G11:G16)*(G11:G16>F11:F16))} | BG12: {=SUMPRODUCT((((E11:E16=BD12)+(H11:H16=BD12))>0)*ISNUMBER(F11:F16)*ISNUMBER(G11:G16)*(F11:F16=G11:G16))} | BH12: =BE12-BF12-BG12 | BI12: {=SUMPRODUCT((E11:E16=BD12)*IFERROR(F11:F16,0))+SUMPRODUCT((H11:H16=BD12)*IFERROR(G11:G16,0))} | BJ12: {=SUMPRODUCT((E11:E16=BD12)*IFERROR(G11:G16,0))+SUMPRODUCT((H11:H16=BD12)*IFERROR(F11:F16,0))} | BK12: =BF12*3+BG12 | BL12: =1+SUMPRODUCT(((BK$12:BK$15>BK12)+(BK$12:BK$15=BK12)*(BM$12:BM$15>BM12)+(BK$12:BK$15=BK12)*(BM$12:BM$15=BM12)*(BN$12:BN$15>BN12)+(BK$12:BK$15=BK12)*(BM$12:BM$15=BM12)*(BN$12:BN$15=BN12)*(BO$12:BO$15>BO12)+(BK$12:BK$15=BK12)*(BM$12:BM$15=BM12)*(BN$12:BN$15=BN12)*(BO$12:BO$15=BO12)*((BI$12:BI$15-BJ$12:BJ$15)>(BI12-BJ12))+(BK$12:BK$15=BK12)*(BM$12:BM$15=BM12)*(BN$12:BN$15=BN12)*(BO$12:BO$15=BO12)*((BI$12:BI$15-BJ$12:BJ$15)=(BI12-BJ12))*(BI$12:BI$15>BI12)+(BK$12:BK$15=BK12)*(BM$12:BM$15=BM12)*(BN$12:BN$15=BN12)*(BO$12:BO$15=BO12)*((BI$12:BI$15-BJ$12:BJ$15)=(BI12-BJ12))*(BI$12:BI$15=BI12)*(ROW(BK$12:BK$15)<ROW(BK12)))*1) | BM12: {=SUMPRODUCT((E$11:E$16=BD12)*ISNUMBER(F$11:F$16)*ISNUMBER(G$11:G$16)*COUNTIFS(BD$12:BD$15,H$11:H$16,BK$12:BK$15,BK12)*((F$11:F$16>G$11:G$16)*3+(F$11:F$16=G$11:G$16)))+SUMPRODUCT((H$11:H$16=BD12)*ISNUMBER(F$11:F$16)*ISNUMBER(G$11:G$16)*COUNTIFS(BD$12:BD$15,E$11:E$16,BK$12:BK$15,BK12)*((G$11:G$16>F$11:F$16)*3+(F$11:F$16=G$11:G$16)))} | BN12: {=SUMPRODUCT((E$11:E$16=BD12)*ISNUMBER(F$11:F$16)*ISNUMBER(G$11:G$16)*COUNTIFS(BD$12:BD$15,H$11:H$16,BK$12:BK$15,BK12)*(F$11:F$16-G$11:G$16))+SUMPRODUCT((H$11:H$16=BD12)*ISNUMBER(F$11:F$16)*ISNUMBER(G$11:G$16)*COUNTIFS(BD$12:BD$15,E$11:E$16,BK$12:BK$15,BK12)*(G$11:G$16-F$11:F$16))} | BO12: {=SUMPRODUCT((E$11:E$16=BD12)*ISNUMBER(F$11:F$16)*ISNUMBER(G$11:G$16)*COUNTIFS(BD$12:BD$15,H$11:H$16,BK$12:BK$15,BK12)*F$11:F$16)+SUMPRODUCT((H$11:H$16=BD12)*ISNUMBER(F$11:F$16)*ISNUMBER(G$11:G$16)*COUNTIFS(BD$12:BD$15,E$11:E$16,BK$12:BK$15,BK12)*G$11:G$16)}
A13: 9 | B13: =TEXT((46191)+(18+4+GmtOffset)/24,"ddd") | C13: =TEXT((46191)+(18+4+GmtOffset)/24,"mmm d, yyyy") | D13: =TEXT((46191)+(18+4+GmtOffset)/24,"h:mm") | E13: Canada | H13: Qatar | I13: B | K13: =INDEX(BD12:BD15,MATCH(1,BL12:BL15,0)) | L13: =INDEX(BE12:BE15,MATCH(1,BL12:BL15,0)) | M13: =INDEX(BF12:BF15,MATCH(1,BL12:BL15,0)) | N13: =INDEX(BG12:BG15,MATCH(1,BL12:BL15,0)) | O13: =INDEX(BH12:BH15,MATCH(1,BL12:BL15,0)) | P13: =INDEX(BI12:BI15,MATCH(1,BL12:BL15,0))&" - "&INDEX(BJ12:BJ15,MATCH(1,BL12:BL15,0)) | Q13: =INDEX(BK12:BK15,MATCH(1,BL12:BL15,0)) | S13: =IF((COUNTIF($F$5:$G$76,">=0")=144),IFERROR(INDEX($AO$81:$AO$92,6),"Winner F"),"Winner F") | BD13: Bosnia & Herzegovina | BE13: {=SUMPRODUCT((((E11:E16=BD13)+(H11:H16=BD13))>0)*ISNUMBER(F11:F16)*ISNUMBER(G11:G16))} | BF13: {=SUMPRODUCT((E11:E16=BD13)*ISNUMBER(F11:F16)*ISNUMBER(G11:G16)*(F11:F16>G11:G16))+SUMPRODUCT((H11:H16=BD13)*ISNUMBER(F11:F16)*ISNUMBER(G11:G16)*(G11:G16>F11:F16))} | BG13: {=SUMPRODUCT((((E11:E16=BD13)+(H11:H16=BD13))>0)*ISNUMBER(F11:F16)*ISNUMBER(G11:G16)*(F11:F16=G11:G16))} | BH13: =BE13-BF13-BG13 | BI13: {=SUMPRODUCT((E11:E16=BD13)*IFERROR(F11:F16,0))+SUMPRODUCT((H11:H16=BD13)*IFERROR(G11:G16,0))} | BJ13: {=SUMPRODUCT((E11:E16=BD13)*IFERROR(G11:G16,0))+SUMPRODUCT((H11:H16=BD13)*IFERROR(F11:F16,0))} | BK13: =BF13*3+BG13 | BL13: =1+SUMPRODUCT(((BK$12:BK$15>BK13)+(BK$12:BK$15=BK13)*(BM$12:BM$15>BM13)+(BK$12:BK$15=BK13)*(BM$12:BM$15=BM13)*(BN$12:BN$15>BN13)+(BK$12:BK$15=BK13)*(BM$12:BM$15=BM13)*(BN$12:BN$15=BN13)*(BO$12:BO$15>BO13)+(BK$12:BK$15=BK13)*(BM$12:BM$15=BM13)*(BN$12:BN$15=BN13)*(BO$12:BO$15=BO13)*((BI$12:BI$15-BJ$12:BJ$15)>(BI13-BJ13))+(BK$12:BK$15=BK13)*(BM$12:BM$15=BM13)*(BN$12:BN$15=BN13)*(BO$12:BO$15=BO13)*((BI$12:BI$15-BJ$12:BJ$15)=(BI13-BJ13))*(BI$12:BI$15>BI13)+(BK$12:BK$15=BK13)*(BM$12:BM$15=BM13)*(BN$12:BN$15=BN13)*(BO$12:BO$15=BO13)*((BI$12:BI$15-BJ$12:BJ$15)=(BI13-BJ13))*(BI$12:BI$15=BI13)*(ROW(BK$12:BK$15)<ROW(BK13)))*1) | BM13: {=SUMPRODUCT((E$11:E$16=BD13)*ISNUMBER(F$11:F$16)*ISNUMBER(G$11:G$16)*COUNTIFS(BD$12:BD$15,H$11:H$16,BK$12:BK$15,BK13)*((F$11:F$16>G$11:G$16)*3+(F$11:F$16=G$11:G$16)))+SUMPRODUCT((H$11:H$16=BD13)*ISNUMBER(F$11:F$16)*ISNUMBER(G$11:G$16)*COUNTIFS(BD$12:BD$15,E$11:E$16,BK$12:BK$15,BK13)*((G$11:G$16>F$11:F$16)*3+(F$11:F$16=G$11:G$16)))} | BN13: {=SUMPRODUCT((E$11:E$16=BD13)*ISNUMBER(F$11:F$16)*ISNUMBER(G$11:G$16)*COUNTIFS(BD$12:BD$15,H$11:H$16,BK$12:BK$15,BK13)*(F$11:F$16-G$11:G$16))+SUMPRODUCT((H$11:H$16=BD13)*ISNUMBER(F$11:F$16)*ISNUMBER(G$11:G$16)*COUNTIFS(BD$12:BD$15,E$11:E$16,BK$12:BK$15,BK13)*(G$11:G$16-F$11:F$16))} | BO13: {=SUMPRODUCT((E$11:E$16=BD13)*ISNUMBER(F$11:F$16)*ISNUMBER(G$11:G$16)*COUNTIFS(BD$12:BD$15,H$11:H$16,BK$12:BK$15,BK13)*F$11:F$16)+SUMPRODUCT((H$11:H$16=BD13)*ISNUMBER(F$11:F$16)*ISNUMBER(G$11:G$16)*COUNTIFS(BD$12:BD$15,E$11:E$16,BK$12:BK$15,BK13)*G$11:G$16)}
A14: 10 | B14: =TEXT((46191)+(15+4+GmtOffset)/24,"ddd") | C14: =TEXT((46191)+(15+4+GmtOffset)/24,"mmm d, yyyy") | D14: =TEXT((46191)+(15+4+GmtOffset)/24,"h:mm") | E14: Switzerland | H14: Bosnia & Herzegovina | I14: B | K14: =INDEX(BD12:BD15,MATCH(2,BL12:BL15,0)) | L14: =INDEX(BE12:BE15,MATCH(2,BL12:BL15,0)) | M14: =INDEX(BF12:BF15,MATCH(2,BL12:BL15,0)) | N14: =INDEX(BG12:BG15,MATCH(2,BL12:BL15,0)) | O14: =INDEX(BH12:BH15,MATCH(2,BL12:BL15,0)) | P14: =INDEX(BI12:BI15,MATCH(2,BL12:BL15,0))&" - "&INDEX(BJ12:BJ15,MATCH(2,BL12:BL15,0)) | Q14: =INDEX(BK12:BK15,MATCH(2,BL12:BL15,0)) | S14: =IF((COUNTIF($F$5:$G$76,">=0")=144),IFERROR(INDEX($AP$81:$AP$92,3),"Runner-up C"),"Runner-up C") | BD14: Qatar | BE14: {=SUMPRODUCT((((E11:E16=BD14)+(H11:H16=BD14))>0)*ISNUMBER(F11:F16)*ISNUMBER(G11:G16))} | BF14: {=SUMPRODUCT((E11:E16=BD14)*ISNUMBER(F11:F16)*ISNUMBER(G11:G16)*(F11:F16>G11:G16))+SUMPRODUCT((H11:H16=BD14)*ISNUMBER(F11:F16)*ISNUMBER(G11:G16)*(G11:G16>F11:F16))} | BG14: {=SUMPRODUCT((((E11:E16=BD14)+(H11:H16=BD14))>0)*ISNUMBER(F11:F16)*ISNUMBER(G11:G16)*(F11:F16=G11:G16))} | BH14: =BE14-BF14-BG14 | BI14: {=SUMPRODUCT((E11:E16=BD14)*IFERROR(F11:F16,0))+SUMPRODUCT((H11:H16=BD14)*IFERROR(G11:G16,0))} | BJ14: {=SUMPRODUCT((E11:E16=BD14)*IFERROR(G11:G16,0))+SUMPRODUCT((H11:H16=BD14)*IFERROR(F11:F16,0))} | BK14: =BF14*3+BG14 | BL14: =1+SUMPRODUCT(((BK$12:BK$15>BK14)+(BK$12:BK$15=BK14)*(BM$12:BM$15>BM14)+(BK$12:BK$15=BK14)*(BM$12:BM$15=BM14)*(BN$12:BN$15>BN14)+(BK$12:BK$15=BK14)*(BM$12:BM$15=BM14)*(BN$12:BN$15=BN14)*(BO$12:BO$15>BO14)+(BK$12:BK$15=BK14)*(BM$12:BM$15=BM14)*(BN$12:BN$15=BN14)*(BO$12:BO$15=BO14)*((BI$12:BI$15-BJ$12:BJ$15)>(BI14-BJ14))+(BK$12:BK$15=BK14)*(BM$12:BM$15=BM14)*(BN$12:BN$15=BN14)*(BO$12:BO$15=BO14)*((BI$12:BI$15-BJ$12:BJ$15)=(BI14-BJ14))*(BI$12:BI$15>BI14)+(BK$12:BK$15=BK14)*(BM$12:BM$15=BM14)*(BN$12:BN$15=BN14)*(BO$12:BO$15=BO14)*((BI$12:BI$15-BJ$12:BJ$15)=(BI14-BJ14))*(BI$12:BI$15=BI14)*(ROW(BK$12:BK$15)<ROW(BK14)))*1) | BM14: {=SUMPRODUCT((E$11:E$16=BD14)*ISNUMBER(F$11:F$16)*ISNUMBER(G$11:G$16)*COUNTIFS(BD$12:BD$15,H$11:H$16,BK$12:BK$15,BK14)*((F$11:F$16>G$11:G$16)*3+(F$11:F$16=G$11:G$16)))+SUMPRODUCT((H$11:H$16=BD14)*ISNUMBER(F$11:F$16)*ISNUMBER(G$11:G$16)*COUNTIFS(BD$12:BD$15,E$11:E$16,BK$12:BK$15,BK14)*((G$11:G$16>F$11:F$16)*3+(F$11:F$16=G$11:G$16)))} | BN14: {=SUMPRODUCT((E$11:E$16=BD14)*ISNUMBER(F$11:F$16)*ISNUMBER(G$11:G$16)*COUNTIFS(BD$12:BD$15,H$11:H$16,BK$12:BK$15,BK14)*(F$11:F$16-G$11:G$16))+SUMPRODUCT((H$11:H$16=BD14)*ISNUMBER(F$11:F$16)*ISNUMBER(G$11:G$16)*COUNTIFS(BD$12:BD$15,E$11:E$16,BK$12:BK$15,BK14)*(G$11:G$16-F$11:F$16))} | BO14: {=SUMPRODUCT((E$11:E$16=BD14)*ISNUMBER(F$11:F$16)*ISNUMBER(G$11:G$16)*COUNTIFS(BD$12:BD$15,H$11:H$16,BK$12:BK$15,BK14)*F$11:F$16)+SUMPRODUCT((H$11:H$16=BD14)*ISNUMBER(F$11:F$16)*ISNUMBER(G$11:G$16)*COUNTIFS(BD$12:BD$15,E$11:E$16,BK$12:BK$15,BK14)*G$11:G$16)}
A15: 11 | B15: =TEXT((46197)+(15+4+GmtOffset)/24,"ddd") | C15: =TEXT((46197)+(15+4+GmtOffset)/24,"mmm d, yyyy") | D15: =TEXT((46197)+(15+4+GmtOffset)/24,"h:mm") | E15: Switzerland | H15: Canada | I15: B | K15: =INDEX(BD12:BD15,MATCH(3,BL12:BL15,0)) | L15: =INDEX(BE12:BE15,MATCH(3,BL12:BL15,0)) | M15: =INDEX(BF12:BF15,MATCH(3,BL12:BL15,0)) | N15: =INDEX(BG12:BG15,MATCH(3,BL12:BL15,0)) | O15: =INDEX(BH12:BH15,MATCH(3,BL12:BL15,0)) | P15: =INDEX(BI12:BI15,MATCH(3,BL12:BL15,0))&" - "&INDEX(BJ12:BJ15,MATCH(3,BL12:BL15,0)) | Q15: =INDEX(BK12:BK15,MATCH(3,BL12:BL15,0)) | W15: =IF(AND(ISNUMBER(T5),ISNUMBER(T6)),IF(T5>T6,S5,IF(T6>T5,S6,IF(NOT(AND(ISNUMBER(U5),ISNUMBER(U6))),"",IF(U5>U6,S5,IF(U6>U5,S6,IF(NOT(AND(ISNUMBER(V5),ISNUMBER(V6))),"",IF(V5>V6,S5,IF(V6>V5,S6,"")))))))),"W73") | BD15: Switzerland | BE15: {=SUMPRODUCT((((E11:E16=BD15)+(H11:H16=BD15))>0)*ISNUMBER(F11:F16)*ISNUMBER(G11:G16))} | BF15: {=SUMPRODUCT((E11:E16=BD15)*ISNUMBER(F11:F16)*ISNUMBER(G11:G16)*(F11:F16>G11:G16))+SUMPRODUCT((H11:H16=BD15)*ISNUMBER(F11:F16)*ISNUMBER(G11:G16)*(G11:G16>F11:F16))} | BG15: {=SUMPRODUCT((((E11:E16=BD15)+(H11:H16=BD15))>0)*ISNUMBER(F11:F16)*ISNUMBER(G11:G16)*(F11:F16=G11:G16))} | BH15: =BE15-BF15-BG15 | BI15: {=SUMPRODUCT((E11:E16=BD15)*IFERROR(F11:F16,0))+SUMPRODUCT((H11:H16=BD15)*IFERROR(G11:G16,0))} | BJ15: {=SUMPRODUCT((E11:E16=BD15)*IFERROR(G11:G16,0))+SUMPRODUCT((H11:H16=BD15)*IFERROR(F11:F16,0))} | BK15: =BF15*3+BG15 | BL15: =1+SUMPRODUCT(((BK$12:BK$15>BK15)+(BK$12:BK$15=BK15)*(BM$12:BM$15>BM15)+(BK$12:BK$15=BK15)*(BM$12:BM$15=BM15)*(BN$12:BN$15>BN15)+(BK$12:BK$15=BK15)*(BM$12:BM$15=BM15)*(BN$12:BN$15=BN15)*(BO$12:BO$15>BO15)+(BK$12:BK$15=BK15)*(BM$12:BM$15=BM15)*(BN$12:BN$15=BN15)*(BO$12:BO$15=BO15)*((BI$12:BI$15-BJ$12:BJ$15)>(BI15-BJ15))+(BK$12:BK$15=BK15)*(BM$12:BM$15=BM15)*(BN$12:BN$15=BN15)*(BO$12:BO$15=BO15)*((BI$12:BI$15-BJ$12:BJ$15)=(BI15-BJ15))*(BI$12:BI$15>BI15)+(BK$12:BK$15=BK15)*(BM$12:BM$15=BM15)*(BN$12:BN$15=BN15)*(BO$12:BO$15=BO15)*((BI$12:BI$15-BJ$12:BJ$15)=(BI15-BJ15))*(BI$12:BI$15=BI15)*(ROW(BK$12:BK$15)<ROW(BK15)))*1) | BM15: {=SUMPRODUCT((E$11:E$16=BD15)*ISNUMBER(F$11:F$16)*ISNUMBER(G$11:G$16)*COUNTIFS(BD$12:BD$15,H$11:H$16,BK$12:BK$15,BK15)*((F$11:F$16>G$11:G$16)*3+(F$11:F$16=G$11:G$16)))+SUMPRODUCT((H$11:H$16=BD15)*ISNUMBER(F$11:F$16)*ISNUMBER(G$11:G$16)*COUNTIFS(BD$12:BD$15,E$11:E$16,BK$12:BK$15,BK15)*((G$11:G$16>F$11:F$16)*3+(F$11:F$16=G$11:G$16)))} | BN15: {=SUMPRODUCT((E$11:E$16=BD15)*ISNUMBER(F$11:F$16)*ISNUMBER(G$11:G$16)*COUNTIFS(BD$12:BD$15,H$11:H$16,BK$12:BK$15,BK15)*(F$11:F$16-G$11:G$16))+SUMPRODUCT((H$11:H$16=BD15)*ISNUMBER(F$11:F$16)*ISNUMBER(G$11:G$16)*COUNTIFS(BD$12:BD$15,E$11:E$16,BK$12:BK$15,BK15)*(G$11:G$16-F$11:F$16))} | BO15: {=SUMPRODUCT((E$11:E$16=BD15)*ISNUMBER(F$11:F$16)*ISNUMBER(G$11:G$16)*COUNTIFS(BD$12:BD$15,H$11:H$16,BK$12:BK$15,BK15)*F$11:F$16)+SUMPRODUCT((H$11:H$16=BD15)*ISNUMBER(F$11:F$16)*ISNUMBER(G$11:G$16)*COUNTIFS(BD$12:BD$15,E$11:E$16,BK$12:BK$15,BK15)*G$11:G$16)}
A16: 12 | B16: =TEXT((46197)+(15+4+GmtOffset)/24,"ddd") | C16: =TEXT((46197)+(15+4+GmtOffset)/24,"mmm d, yyyy") | D16: =TEXT((46197)+(15+4+GmtOffset)/24,"h:mm") | E16: Bosnia & Herzegovina | H16: Qatar | I16: B | K16: =INDEX(BD12:BD15,MATCH(4,BL12:BL15,0)) | L16: =INDEX(BE12:BE15,MATCH(4,BL12:BL15,0)) | M16: =INDEX(BF12:BF15,MATCH(4,BL12:BL15,0)) | N16: =INDEX(BG12:BG15,MATCH(4,BL12:BL15,0)) | O16: =INDEX(BH12:BH15,MATCH(4,BL12:BL15,0)) | P16: =INDEX(BI12:BI15,MATCH(4,BL12:BL15,0))&" - "&INDEX(BJ12:BJ15,MATCH(4,BL12:BL15,0)) | Q16: =INDEX(BK12:BK15,MATCH(4,BL12:BL15,0)) | W16: =IF(AND(ISNUMBER(T13),ISNUMBER(T14)),IF(T13>T14,S13,IF(T14>T13,S14,IF(NOT(AND(ISNUMBER(U13),ISNUMBER(U14))),"",IF(U13>U14,S13,IF(U14>U13,S14,IF(NOT(AND(ISNUMBER(V13),ISNUMBER(V14))),"",IF(V13>V14,S13,IF(V14>V13,S14,"")))))))),"W75")
A17: 13 | B17: =TEXT((46186)+(18+4+GmtOffset)/24,"ddd") | C17: =TEXT((46186)+(18+4+GmtOffset)/24,"mmm d, yyyy") | D17: =TEXT((46186)+(18+4+GmtOffset)/24,"h:mm") | E17: Brazil | F17: 0 | G17: 2 | H17: Morocco | I17: C | K17: Group C | S17: =IF((COUNTIF($F$5:$G$76,">=0")=144),IFERROR(INDEX($AO$81:$AO$92,3),"Winner C"),"Winner C")
A18: 14 | B18: =TEXT((46186)+(21+4+GmtOffset)/24,"ddd") | C18: =TEXT((46186)+(21+4+GmtOffset)/24,"mmm d, yyyy") | D18: =TEXT((46186)+(21+4+GmtOffset)/24,"h:mm") | E18: Haiti | H18: Scotland | I18: C | L18: PL | M18: W | N18: D | O18: L | P18: GF - GA | Q18: P | S18: =IF((COUNTIF($F$5:$G$76,">=0")=144),IFERROR(INDEX($AP$81:$AP$92,6),"Runner-up F"),"Runner-up F") | BD18: Brazil | BE18: {=SUMPRODUCT((((E17:E22=BD18)+(H17:H22=BD18))>0)*ISNUMBER(F17:F22)*ISNUMBER(G17:G22))} | BF18: {=SUMPRODUCT((E17:E22=BD18)*ISNUMBER(F17:F22)*ISNUMBER(G17:G22)*(F17:F22>G17:G22))+SUMPRODUCT((H17:H22=BD18)*ISNUMBER(F17:F22)*ISNUMBER(G17:G22)*(G17:G22>F17:F22))} | BG18: {=SUMPRODUCT((((E17:E22=BD18)+(H17:H22=BD18))>0)*ISNUMBER(F17:F22)*ISNUMBER(G17:G22)*(F17:F22=G17:G22))} | BH18: =BE18-BF18-BG18 | BI18: {=SUMPRODUCT((E17:E22=BD18)*IFERROR(F17:F22,0))+SUMPRODUCT((H17:H22=BD18)*IFERROR(G17:G22,0))} | BJ18: {=SUMPRODUCT((E17:E22=BD18)*IFERROR(G17:G22,0))+SUMPRODUCT((H17:H22=BD18)*IFERROR(F17:F22,0))} | BK18: =BF18*3+BG18 | BL18: =1+SUMPRODUCT(((BK$18:BK$21>BK18)+(BK$18:BK$21=BK18)*(BM$18:BM$21>BM18)+(BK$18:BK$21=BK18)*(BM$18:BM$21=BM18)*(BN$18:BN$21>BN18)+(BK$18:BK$21=BK18)*(BM$18:BM$21=BM18)*(BN$18:BN$21=BN18)*(BO$18:BO$21>BO18)+(BK$18:BK$21=BK18)*(BM$18:BM$21=BM18)*(BN$18:BN$21=BN18)*(BO$18:BO$21=BO18)*((BI$18:BI$21-BJ$18:BJ$21)>(BI18-BJ18))+(BK$18:BK$21=BK18)*(BM$18:BM$21=BM18)*(BN$18:BN$21=BN18)*(BO$18:BO$21=BO18)*((BI$18:BI$21-BJ$18:BJ$21)=(BI18-BJ18))*(BI$18:BI$21>BI18)+(BK$18:BK$21=BK18)*(BM$18:BM$21=BM18)*(BN$18:BN$21=BN18)*(BO$18:BO$21=BO18)*((BI$18:BI$21-BJ$18:BJ$21)=(BI18-BJ18))*(BI$18:BI$21=BI18)*(ROW(BK$18:BK$21)<ROW(BK18)))*1) | BM18: {=SUMPRODUCT((E$17:E$22=BD18)*ISNUMBER(F$17:F$22)*ISNUMBER(G$17:G$22)*COUNTIFS(BD$18:BD$21,H$17:H$22,BK$18:BK$21,BK18)*((F$17:F$22>G$17:G$22)*3+(F$17:F$22=G$17:G$22)))+SUMPRODUCT((H$17:H$22=BD18)*ISNUMBER(F$17:F$22)*ISNUMBER(G$17:G$22)*COUNTIFS(BD$18:BD$21,E$17:E$22,BK$18:BK$21,BK18)*((G$17:G$22>F$17:F$22)*3+(F$17:F$22=G$17:G$22)))} | BN18: {=SUMPRODUCT((E$17:E$22=BD18)*ISNUMBER(F$17:F$22)*ISNUMBER(G$17:G$22)*COUNTIFS(BD$18:BD$21,H$17:H$22,BK$18:BK$21,BK18)*(F$17:F$22-G$17:G$22))+SUMPRODUCT((H$17:H$22=BD18)*ISNUMBER(F$17:F$22)*ISNUMBER(G$17:G$22)*COUNTIFS(BD$18:BD$21,E$17:E$22,BK$18:BK$21,BK18)*(G$17:G$22-F$17:F$22))} | BO18: {=SUMPRODUCT((E$17:E$22=BD18)*ISNUMBER(F$17:F$22)*ISNUMBER(G$17:G$22)*COUNTIFS(BD$18:BD$21,H$17:H$22,BK$18:BK$21,BK18)*F$17:F$22)+SUMPRODUCT((H$17:H$22=BD18)*ISNUMBER(F$17:F$22)*ISNUMBER(G$17:G$22)*COUNTIFS(BD$18:BD$21,E$17:E$22,BK$18:BK$21,BK18)*G$17:G$22)}
A19: 15 | B19: =TEXT((46192)+(20.5+4+GmtOffset)/24,"ddd") | C19: =TEXT((46192)+(20.5+4+GmtOffset)/24,"mmm d, yyyy") | D19: =TEXT((46192)+(20.5+4+GmtOffset)/24,"h:mm") | E19: Brazil | H19: Haiti | I19: C | K19: =INDEX(BD18:BD21,MATCH(1,BL18:BL21,0)) | L19: =INDEX(BE18:BE21,MATCH(1,BL18:BL21,0)) | M19: =INDEX(BF18:BF21,MATCH(1,BL18:BL21,0)) | N19: =INDEX(BG18:BG21,MATCH(1,BL18:BL21,0)) | O19: =INDEX(BH18:BH21,MATCH(1,BL18:BL21,0)) | P19: =INDEX(BI18:BI21,MATCH(1,BL18:BL21,0))&" - "&INDEX(BJ18:BJ21,MATCH(1,BL18:BL21,0)) | Q19: =INDEX(BK18:BK21,MATCH(1,BL18:BL21,0)) | AE19: =IF(AND(ISNUMBER(AB11),ISNUMBER(AB12)),IF(AB11>AB12,AA11,IF(AB12>AB11,AA12,IF(NOT(AND(ISNUMBER(AC11),ISNUMBER(AC12))),"",IF(AC11>AC12,AA11,IF(AC12>AC11,AA12,IF(NOT(AND(ISNUMBER(AD11),ISNUMBER(AD12))),"",IF(AD11>AD12,AA11,IF(AD12>AD11,AA12,"")))))))),"W97") | BD19: Morocco | BE19: {=SUMPRODUCT((((E17:E22=BD19)+(H17:H22=BD19))>0)*ISNUMBER(F17:F22)*ISNUMBER(G17:G22))} | BF19: {=SUMPRODUCT((E17:E22=BD19)*ISNUMBER(F17:F22)*ISNUMBER(G17:G22)*(F17:F22>G17:G22))+SUMPRODUCT((H17:H22=BD19)*ISNUMBER(F17:F22)*ISNUMBER(G17:G22)*(G17:G22>F17:F22))} | BG19: {=SUMPRODUCT((((E17:E22=BD19)+(H17:H22=BD19))>0)*ISNUMBER(F17:F22)*ISNUMBER(G17:G22)*(F17:F22=G17:G22))} | BH19: =BE19-BF19-BG19 | BI19: {=SUMPRODUCT((E17:E22=BD19)*IFERROR(F17:F22,0))+SUMPRODUCT((H17:H22=BD19)*IFERROR(G17:G22,0))} | BJ19: {=SUMPRODUCT((E17:E22=BD19)*IFERROR(G17:G22,0))+SUMPRODUCT((H17:H22=BD19)*IFERROR(F17:F22,0))} | BK19: =BF19*3+BG19 | BL19: =1+SUMPRODUCT(((BK$18:BK$21>BK19)+(BK$18:BK$21=BK19)*(BM$18:BM$21>BM19)+(BK$18:BK$21=BK19)*(BM$18:BM$21=BM19)*(BN$18:BN$21>BN19)+(BK$18:BK$21=BK19)*(BM$18:BM$21=BM19)*(BN$18:BN$21=BN19)*(BO$18:BO$21>BO19)+(BK$18:BK$21=BK19)*(BM$18:BM$21=BM19)*(BN$18:BN$21=BN19)*(BO$18:BO$21=BO19)*((BI$18:BI$21-BJ$18:BJ$21)>(BI19-BJ19))+(BK$18:BK$21=BK19)*(BM$18:BM$21=BM19)*(BN$18:BN$21=BN19)*(BO$18:BO$21=BO19)*((BI$18:BI$21-BJ$18:BJ$21)=(BI19-BJ19))*(BI$18:BI$21>BI19)+(BK$18:BK$21=BK19)*(BM$18:BM$21=BM19)*(BN$18:BN$21=BN19)*(BO$18:BO$21=BO19)*((BI$18:BI$21-BJ$18:BJ$21)=(BI19-BJ19))*(BI$18:BI$21=BI19)*(ROW(BK$18:BK$21)<ROW(BK19)))*1) | BM19: {=SUMPRODUCT((E$17:E$22=BD19)*ISNUMBER(F$17:F$22)*ISNUMBER(G$17:G$22)*COUNTIFS(BD$18:BD$21,H$17:H$22,BK$18:BK$21,BK19)*((F$17:F$22>G$17:G$22)*3+(F$17:F$22=G$17:G$22)))+SUMPRODUCT((H$17:H$22=BD19)*ISNUMBER(F$17:F$22)*ISNUMBER(G$17:G$22)*COUNTIFS(BD$18:BD$21,E$17:E$22,BK$18:BK$21,BK19)*((G$17:G$22>F$17:F$22)*3+(F$17:F$22=G$17:G$22)))} | BN19: {=SUMPRODUCT((E$17:E$22=BD19)*ISNUMBER(F$17:F$22)*ISNUMBER(G$17:G$22)*COUNTIFS(BD$18:BD$21,H$17:H$22,BK$18:BK$21,BK19)*(F$17:F$22-G$17:G$22))+SUMPRODUCT((H$17:H$22=BD19)*ISNUMBER(F$17:F$22)*ISNUMBER(G$17:G$22)*COUNTIFS(BD$18:BD$21,E$17:E$22,BK$18:BK$21,BK19)*(G$17:G$22-F$17:F$22))} | BO19: {=SUMPRODUCT((E$17:E$22=BD19)*ISNUMBER(F$17:F$22)*ISNUMBER(G$17:G$22)*COUNTIFS(BD$18:BD$21,H$17:H$22,BK$18:BK$21,BK19)*F$17:F$22)+SUMPRODUCT((H$17:H$22=BD19)*ISNUMBER(F$17:F$22)*ISNUMBER(G$17:G$22)*COUNTIFS(BD$18:BD$21,E$17:E$22,BK$18:BK$21,BK19)*G$17:G$22)}
A20: 16 | B20: =TEXT((46192)+(18+4+GmtOffset)/24,"ddd") | C20: =TEXT((46192)+(18+4+GmtOffset)/24,"mmm d, yyyy") | D20: =TEXT((46192)+(18+4+GmtOffset)/24,"h:mm") | E20: Scotland | H20: Morocco | I20: C | K20: =INDEX(BD18:BD21,MATCH(2,BL18:BL21,0)) | L20: =INDEX(BE18:BE21,MATCH(2,BL18:BL21,0)) | M20: =INDEX(BF18:BF21,MATCH(2,BL18:BL21,0)) | N20: =INDEX(BG18:BG21,MATCH(2,BL18:BL21,0)) | O20: =INDEX(BH18:BH21,MATCH(2,BL18:BL21,0)) | P20: =INDEX(BI18:BI21,MATCH(2,BL18:BL21,0))&" - "&INDEX(BJ18:BJ21,MATCH(2,BL18:BL21,0)) | Q20: =INDEX(BK18:BK21,MATCH(2,BL18:BL21,0)) | AE20: =IF(AND(ISNUMBER(AB27),ISNUMBER(AB28)),IF(AB27>AB28,AA27,IF(AB28>AB27,AA28,IF(NOT(AND(ISNUMBER(AC27),ISNUMBER(AC28))),"",IF(AC27>AC28,AA27,IF(AC28>AC27,AA28,IF(NOT(AND(ISNUMBER(AD27),ISNUMBER(AD28))),"",IF(AD27>AD28,AA27,IF(AD28>AD27,AA28,"")))))))),"W98") | BD20: Haiti | BE20: {=SUMPRODUCT((((E17:E22=BD20)+(H17:H22=BD20))>0)*ISNUMBER(F17:F22)*ISNUMBER(G17:G22))} | BF20: {=SUMPRODUCT((E17:E22=BD20)*ISNUMBER(F17:F22)*ISNUMBER(G17:G22)*(F17:F22>G17:G22))+SUMPRODUCT((H17:H22=BD20)*ISNUMBER(F17:F22)*ISNUMBER(G17:G22)*(G17:G22>F17:F22))} | BG20: {=SUMPRODUCT((((E17:E22=BD20)+(H17:H22=BD20))>0)*ISNUMBER(F17:F22)*ISNUMBER(G17:G22)*(F17:F22=G17:G22))} | BH20: =BE20-BF20-BG20 | BI20: {=SUMPRODUCT((E17:E22=BD20)*IFERROR(F17:F22,0))+SUMPRODUCT((H17:H22=BD20)*IFERROR(G17:G22,0))} | BJ20: {=SUMPRODUCT((E17:E22=BD20)*IFERROR(G17:G22,0))+SUMPRODUCT((H17:H22=BD20)*IFERROR(F17:F22,0))} | BK20: =BF20*3+BG20 | BL20: =1+SUMPRODUCT(((BK$18:BK$21>BK20)+(BK$18:BK$21=BK20)*(BM$18:BM$21>BM20)+(BK$18:BK$21=BK20)*(BM$18:BM$21=BM20)*(BN$18:BN$21>BN20)+(BK$18:BK$21=BK20)*(BM$18:BM$21=BM20)*(BN$18:BN$21=BN20)*(BO$18:BO$21>BO20)+(BK$18:BK$21=BK20)*(BM$18:BM$21=BM20)*(BN$18:BN$21=BN20)*(BO$18:BO$21=BO20)*((BI$18:BI$21-BJ$18:BJ$21)>(BI20-BJ20))+(BK$18:BK$21=BK20)*(BM$18:BM$21=BM20)*(BN$18:BN$21=BN20)*(BO$18:BO$21=BO20)*((BI$18:BI$21-BJ$18:BJ$21)=(BI20-BJ20))*(BI$18:BI$21>BI20)+(BK$18:BK$21=BK20)*(BM$18:BM$21=BM20)*(BN$18:BN$21=BN20)*(BO$18:BO$21=BO20)*((BI$18:BI$21-BJ$18:BJ$21)=(BI20-BJ20))*(BI$18:BI$21=BI20)*(ROW(BK$18:BK$21)<ROW(BK20)))*1) | BM20: {=SUMPRODUCT((E$17:E$22=BD20)*ISNUMBER(F$17:F$22)*ISNUMBER(G$17:G$22)*COUNTIFS(BD$18:BD$21,H$17:H$22,BK$18:BK$21,BK20)*((F$17:F$22>G$17:G$22)*3+(F$17:F$22=G$17:G$22)))+SUMPRODUCT((H$17:H$22=BD20)*ISNUMBER(F$17:F$22)*ISNUMBER(G$17:G$22)*COUNTIFS(BD$18:BD$21,E$17:E$22,BK$18:BK$21,BK20)*((G$17:G$22>F$17:F$22)*3+(F$17:F$22=G$17:G$22)))} | BN20: {=SUMPRODUCT((E$17:E$22=BD20)*ISNUMBER(F$17:F$22)*ISNUMBER(G$17:G$22)*COUNTIFS(BD$18:BD$21,H$17:H$22,BK$18:BK$21,BK20)*(F$17:F$22-G$17:G$22))+SUMPRODUCT((H$17:H$22=BD20)*ISNUMBER(F$17:F$22)*ISNUMBER(G$17:G$22)*COUNTIFS(BD$18:BD$21,E$17:E$22,BK$18:BK$21,BK20)*(G$17:G$22-F$17:F$22))} | BO20: {=SUMPRODUCT((E$17:E$22=BD20)*ISNUMBER(F$17:F$22)*ISNUMBER(G$17:G$22)*COUNTIFS(BD$18:BD$21,H$17:H$22,BK$18:BK$21,BK20)*F$17:F$22)+SUMPRODUCT((H$17:H$22=BD20)*ISNUMBER(F$17:F$22)*ISNUMBER(G$17:G$22)*COUNTIFS(BD$18:BD$21,E$17:E$22,BK$18:BK$21,BK20)*G$17:G$22)}
A21: 17 | B21: =TEXT((46197)+(18+4+GmtOffset)/24,"ddd") | C21: =TEXT((46197)+(18+4+GmtOffset)/24,"mmm d, yyyy") | D21: =TEXT((46197)+(18+4+GmtOffset)/24,"h:mm") | E21: Scotland | H21: Brazil | I21: C | K21: =INDEX(BD18:BD21,MATCH(3,BL18:BL21,0)) | L21: =INDEX(BE18:BE21,MATCH(3,BL18:BL21,0)) | M21: =INDEX(BF18:BF21,MATCH(3,BL18:BL21,0)) | N21: =INDEX(BG18:BG21,MATCH(3,BL18:BL21,0)) | O21: =INDEX(BH18:BH21,MATCH(3,BL18:BL21,0)) | P21: =INDEX(BI18:BI21,MATCH(3,BL18:BL21,0))&" - "&INDEX(BJ18:BJ21,MATCH(3,BL18:BL21,0)) | Q21: =INDEX(BK18:BK21,MATCH(3,BL18:BL21,0)) | S21: =IF((COUNTIF($F$5:$G$76,">=0")=144),IFERROR(INDEX($AO$81:$AO$92,9),"Winner I"),"Winner I") | BD21: Scotland | BE21: {=SUMPRODUCT((((E17:E22=BD21)+(H17:H22=BD21))>0)*ISNUMBER(F17:F22)*ISNUMBER(G17:G22))} | BF21: {=SUMPRODUCT((E17:E22=BD21)*ISNUMBER(F17:F22)*ISNUMBER(G17:G22)*(F17:F22>G17:G22))+SUMPRODUCT((H17:H22=BD21)*ISNUMBER(F17:F22)*ISNUMBER(G17:G22)*(G17:G22>F17:F22))} | BG21: {=SUMPRODUCT((((E17:E22=BD21)+(H17:H22=BD21))>0)*ISNUMBER(F17:F22)*ISNUMBER(G17:G22)*(F17:F22=G17:G22))} | BH21: =BE21-BF21-BG21 | BI21: {=SUMPRODUCT((E17:E22=BD21)*IFERROR(F17:F22,0))+SUMPRODUCT((H17:H22=BD21)*IFERROR(G17:G22,0))} | BJ21: {=SUMPRODUCT((E17:E22=BD21)*IFERROR(G17:G22,0))+SUMPRODUCT((H17:H22=BD21)*IFERROR(F17:F22,0))} | BK21: =BF21*3+BG21 | BL21: =1+SUMPRODUCT(((BK$18:BK$21>BK21)+(BK$18:BK$21=BK21)*(BM$18:BM$21>BM21)+(BK$18:BK$21=BK21)*(BM$18:BM$21=BM21)*(BN$18:BN$21>BN21)+(BK$18:BK$21=BK21)*(BM$18:BM$21=BM21)*(BN$18:BN$21=BN21)*(BO$18:BO$21>BO21)+(BK$18:BK$21=BK21)*(BM$18:BM$21=BM21)*(BN$18:BN$21=BN21)*(BO$18:BO$21=BO21)*((BI$18:BI$21-BJ$18:BJ$21)>(BI21-BJ21))+(BK$18:BK$21=BK21)*(BM$18:BM$21=BM21)*(BN$18:BN$21=BN21)*(BO$18:BO$21=BO21)*((BI$18:BI$21-BJ$18:BJ$21)=(BI21-BJ21))*(BI$18:BI$21>BI21)+(BK$18:BK$21=BK21)*(BM$18:BM$21=BM21)*(BN$18:BN$21=BN21)*(BO$18:BO$21=BO21)*((BI$18:BI$21-BJ$18:BJ$21)=(BI21-BJ21))*(BI$18:BI$21=BI21)*(ROW(BK$18:BK$21)<ROW(BK21)))*1) | BM21: {=SUMPRODUCT((E$17:E$22=BD21)*ISNUMBER(F$17:F$22)*ISNUMBER(G$17:G$22)*COUNTIFS(BD$18:BD$21,H$17:H$22,BK$18:BK$21,BK21)*((F$17:F$22>G$17:G$22)*3+(F$17:F$22=G$17:G$22)))+SUMPRODUCT((H$17:H$22=BD21)*ISNUMBER(F$17:F$22)*ISNUMBER(G$17:G$22)*COUNTIFS(BD$18:BD$21,E$17:E$22,BK$18:BK$21,BK21)*((G$17:G$22>F$17:F$22)*3+(F$17:F$22=G$17:G$22)))} | BN21: {=SUMPRODUCT((E$17:E$22=BD21)*ISNUMBER(F$17:F$22)*ISNUMBER(G$17:G$22)*COUNTIFS(BD$18:BD$21,H$17:H$22,BK$18:BK$21,BK21)*(F$17:F$22-G$17:G$22))+SUMPRODUCT((H$17:H$22=BD21)*ISNUMBER(F$17:F$22)*ISNUMBER(G$17:G$22)*COUNTIFS(BD$18:BD$21,E$17:E$22,BK$18:BK$21,BK21)*(G$17:G$22-F$17:F$22))} | BO21: {=SUMPRODUCT((E$17:E$22=BD21)*ISNUMBER(F$17:F$22)*ISNUMBER(G$17:G$22)*COUNTIFS(BD$18:BD$21,H$17:H$22,BK$18:BK$21,BK21)*F$17:F$22)+SUMPRODUCT((H$17:H$22=BD21)*ISNUMBER(F$17:F$22)*ISNUMBER(G$17:G$22)*COUNTIFS(BD$18:BD$21,E$17:E$22,BK$18:BK$21,BK21)*G$17:G$22)}
A22: 18 | B22: =TEXT((46197)+(18+4+GmtOffset)/24,"ddd") | C22: =TEXT((46197)+(18+4+GmtOffset)/24,"mmm d, yyyy") | D22: =TEXT((46197)+(18+4+GmtOffset)/24,"h:mm") | E22: Morocco | H22: Haiti | I22: C | K22: =INDEX(BD18:BD21,MATCH(4,BL18:BL21,0)) | L22: =INDEX(BE18:BE21,MATCH(4,BL18:BL21,0)) | M22: =INDEX(BF18:BF21,MATCH(4,BL18:BL21,0)) | N22: =INDEX(BG18:BG21,MATCH(4,BL18:BL21,0)) | O22: =INDEX(BH18:BH21,MATCH(4,BL18:BL21,0)) | P22: =INDEX(BI18:BI21,MATCH(4,BL18:BL21,0))&" - "&INDEX(BJ18:BJ21,MATCH(4,BL18:BL21,0)) | Q22: =INDEX(BK18:BK21,MATCH(4,BL18:BL21,0)) | S22: =IF((COUNTIF($F$5:$G$76,">=0")=144),IFERROR(INDEX($AQ$81:$AQ$92,MATCH($BN$81,$AN$81:$AN$92,0)),"Best 3rd C/D/F/G/H"),"Best 3rd C/D/F/G/H")
A23: 19 | B23: =TEXT((46185)+(21+4+GmtOffset)/24,"ddd") | C23: =TEXT((46185)+(21+4+GmtOffset)/24,"mmm d, yyyy") | D23: =TEXT((46185)+(21+4+GmtOffset)/24,"h:mm") | E23: United States | F23: 4 | G23: 1 | H23: Paraguay | I23: D | K23: Group D | W23: =IF(AND(ISNUMBER(T17),ISNUMBER(T18)),IF(T17>T18,S17,IF(T18>T17,S18,IF(NOT(AND(ISNUMBER(U17),ISNUMBER(U18))),"",IF(U17>U18,S17,IF(U18>U17,S18,IF(NOT(AND(ISNUMBER(V17),ISNUMBER(V18))),"",IF(V17>V18,S17,IF(V18>V17,S18,"")))))))),"W76")
A24: 20 | B24: =TEXT((46187)+(0+4+GmtOffset)/24,"ddd") | C24: =TEXT((46187)+(0+4+GmtOffset)/24,"mmm d, yyyy") | D24: =TEXT((46187)+(0+4+GmtOffset)/24,"h:mm") | E24: Australia | H24: Türkiye | I24: D | L24: PL | M24: W | N24: D | O24: L | P24: GF - GA | Q24: P | W24: =IF(AND(ISNUMBER(T25),ISNUMBER(T26)),IF(T25>T26,S25,IF(T26>T25,S26,IF(NOT(AND(ISNUMBER(U25),ISNUMBER(U26))),"",IF(U25>U26,S25,IF(U26>U25,S26,IF(NOT(AND(ISNUMBER(V25),ISNUMBER(V26))),"",IF(V25>V26,S25,IF(V26>V25,S26,"")))))))),"W78") | BD24: United States | BE24: {=SUMPRODUCT((((E23:E28=BD24)+(H23:H28=BD24))>0)*ISNUMBER(F23:F28)*ISNUMBER(G23:G28))} | BF24: {=SUMPRODUCT((E23:E28=BD24)*ISNUMBER(F23:F28)*ISNUMBER(G23:G28)*(F23:F28>G23:G28))+SUMPRODUCT((H23:H28=BD24)*ISNUMBER(F23:F28)*ISNUMBER(G23:G28)*(G23:G28>F23:F28))} | BG24: {=SUMPRODUCT((((E23:E28=BD24)+(H23:H28=BD24))>0)*ISNUMBER(F23:F28)*ISNUMBER(G23:G28)*(F23:F28=G23:G28))} | BH24: =BE24-BF24-BG24 | BI24: {=SUMPRODUCT((E23:E28=BD24)*IFERROR(F23:F28,0))+SUMPRODUCT((H23:H28=BD24)*IFERROR(G23:G28,0))} | BJ24: {=SUMPRODUCT((E23:E28=BD24)*IFERROR(G23:G28,0))+SUMPRODUCT((H23:H28=BD24)*IFERROR(F23:F28,0))} | BK24: =BF24*3+BG24 | BL24: =1+SUMPRODUCT(((BK$24:BK$27>BK24)+(BK$24:BK$27=BK24)*(BM$24:BM$27>BM24)+(BK$24:BK$27=BK24)*(BM$24:BM$27=BM24)*(BN$24:BN$27>BN24)+(BK$24:BK$27=BK24)*(BM$24:BM$27=BM24)*(BN$24:BN$27=BN24)*(BO$24:BO$27>BO24)+(BK$24:BK$27=BK24)*(BM$24:BM$27=BM24)*(BN$24:BN$27=BN24)*(BO$24:BO$27=BO24)*((BI$24:BI$27-BJ$24:BJ$27)>(BI24-BJ24))+(BK$24:BK$27=BK24)*(BM$24:BM$27=BM24)*(BN$24:BN$27=BN24)*(BO$24:BO$27=BO24)*((BI$24:BI$27-BJ$24:BJ$27)=(BI24-BJ24))*(BI$24:BI$27>BI24)+(BK$24:BK$27=BK24)*(BM$24:BM$27=BM24)*(BN$24:BN$27=BN24)*(BO$24:BO$27=BO24)*((BI$24:BI$27-BJ$24:BJ$27)=(BI24-BJ24))*(BI$24:BI$27=BI24)*(ROW(BK$24:BK$27)<ROW(BK24)))*1) | BM24: {=SUMPRODUCT((E$23:E$28=BD24)*ISNUMBER(F$23:F$28)*ISNUMBER(G$23:G$28)*COUNTIFS(BD$24:BD$27,H$23:H$28,BK$24:BK$27,BK24)*((F$23:F$28>G$23:G$28)*3+(F$23:F$28=G$23:G$28)))+SUMPRODUCT((H$23:H$28=BD24)*ISNUMBER(F$23:F$28)*ISNUMBER(G$23:G$28)*COUNTIFS(BD$24:BD$27,E$23:E$28,BK$24:BK$27,BK24)*((G$23:G$28>F$23:F$28)*3+(F$23:F$28=G$23:G$28)))} | BN24: {=SUMPRODUCT((E$23:E$28=BD24)*ISNUMBER(F$23:F$28)*ISNUMBER(G$23:G$28)*COUNTIFS(BD$24:BD$27,H$23:H$28,BK$24:BK$27,BK24)*(F$23:F$28-G$23:G$28))+SUMPRODUCT((H$23:H$28=BD24)*ISNUMBER(F$23:F$28)*ISNUMBER(G$23:G$28)*COUNTIFS(BD$24:BD$27,E$23:E$28,BK$24:BK$27,BK24)*(G$23:G$28-F$23:F$28))} | BO24: {=SUMPRODUCT((E$23:E$28=BD24)*ISNUMBER(F$23:F$28)*ISNUMBER(G$23:G$28)*COUNTIFS(BD$24:BD$27,H$23:H$28,BK$24:BK$27,BK24)*F$23:F$28)+SUMPRODUCT((H$23:H$28=BD24)*ISNUMBER(F$23:F$28)*ISNUMBER(G$23:G$28)*COUNTIFS(BD$24:BD$27,E$23:E$28,BK$24:BK$27,BK24)*G$23:G$28)}
A25: 21 | B25: =TEXT((46192)+(15+4+GmtOffset)/24,"ddd") | C25: =TEXT((46192)+(15+4+GmtOffset)/24,"mmm d, yyyy") | D25: =TEXT((46192)+(15+4+GmtOffset)/24,"h:mm") | E25: United States | H25: Australia | I25: D | K25: =INDEX(BD24:BD27,MATCH(1,BL24:BL27,0)) | L25: =INDEX(BE24:BE27,MATCH(1,BL24:BL27,0)) | M25: =INDEX(BF24:BF27,MATCH(1,BL24:BL27,0)) | N25: =INDEX(BG24:BG27,MATCH(1,BL24:BL27,0)) | O25: =INDEX(BH24:BH27,MATCH(1,BL24:BL27,0)) | P25: =INDEX(BI24:BI27,MATCH(1,BL24:BL27,0))&" - "&INDEX(BJ24:BJ27,MATCH(1,BL24:BL27,0)) | Q25: =INDEX(BK24:BK27,MATCH(1,BL24:BL27,0)) | S25: =IF((COUNTIF($F$5:$G$76,">=0")=144),IFERROR(INDEX($AP$81:$AP$92,5),"Runner-up E"),"Runner-up E") | BD25: Paraguay | BE25: {=SUMPRODUCT((((E23:E28=BD25)+(H23:H28=BD25))>0)*ISNUMBER(F23:F28)*ISNUMBER(G23:G28))} | BF25: {=SUMPRODUCT((E23:E28=BD25)*ISNUMBER(F23:F28)*ISNUMBER(G23:G28)*(F23:F28>G23:G28))+SUMPRODUCT((H23:H28=BD25)*ISNUMBER(F23:F28)*ISNUMBER(G23:G28)*(G23:G28>F23:F28))} | BG25: {=SUMPRODUCT((((E23:E28=BD25)+(H23:H28=BD25))>0)*ISNUMBER(F23:F28)*ISNUMBER(G23:G28)*(F23:F28=G23:G28))} | BH25: =BE25-BF25-BG25 | BI25: {=SUMPRODUCT((E23:E28=BD25)*IFERROR(F23:F28,0))+SUMPRODUCT((H23:H28=BD25)*IFERROR(G23:G28,0))} | BJ25: {=SUMPRODUCT((E23:E28=BD25)*IFERROR(G23:G28,0))+SUMPRODUCT((H23:H28=BD25)*IFERROR(F23:F28,0))} | BK25: =BF25*3+BG25 | BL25: =1+SUMPRODUCT(((BK$24:BK$27>BK25)+(BK$24:BK$27=BK25)*(BM$24:BM$27>BM25)+(BK$24:BK$27=BK25)*(BM$24:BM$27=BM25)*(BN$24:BN$27>BN25)+(BK$24:BK$27=BK25)*(BM$24:BM$27=BM25)*(BN$24:BN$27=BN25)*(BO$24:BO$27>BO25)+(BK$24:BK$27=BK25)*(BM$24:BM$27=BM25)*(BN$24:BN$27=BN25)*(BO$24:BO$27=BO25)*((BI$24:BI$27-BJ$24:BJ$27)>(BI25-BJ25))+(BK$24:BK$27=BK25)*(BM$24:BM$27=BM25)*(BN$24:BN$27=BN25)*(BO$24:BO$27=BO25)*((BI$24:BI$27-BJ$24:BJ$27)=(BI25-BJ25))*(BI$24:BI$27>BI25)+(BK$24:BK$27=BK25)*(BM$24:BM$27=BM25)*(BN$24:BN$27=BN25)*(BO$24:BO$27=BO25)*((BI$24:BI$27-BJ$24:BJ$27)=(BI25-BJ25))*(BI$24:BI$27=BI25)*(ROW(BK$24:BK$27)<ROW(BK25)))*1) | BM25: {=SUMPRODUCT((E$23:E$28=BD25)*ISNUMBER(F$23:F$28)*ISNUMBER(G$23:G$28)*COUNTIFS(BD$24:BD$27,H$23:H$28,BK$24:BK$27,BK25)*((F$23:F$28>G$23:G$28)*3+(F$23:F$28=G$23:G$28)))+SUMPRODUCT((H$23:H$28=BD25)*ISNUMBER(F$23:F$28)*ISNUMBER(G$23:G$28)*COUNTIFS(BD$24:BD$27,E$23:E$28,BK$24:BK$27,BK25)*((G$23:G$28>F$23:F$28)*3+(F$23:F$28=G$23:G$28)))} | BN25: {=SUMPRODUCT((E$23:E$28=BD25)*ISNUMBER(F$23:F$28)*ISNUMBER(G$23:G$28)*COUNTIFS(BD$24:BD$27,H$23:H$28,BK$24:BK$27,BK25)*(F$23:F$28-G$23:G$28))+SUMPRODUCT((H$23:H$28=BD25)*ISNUMBER(F$23:F$28)*ISNUMBER(G$23:G$28)*COUNTIFS(BD$24:BD$27,E$23:E$28,BK$24:BK$27,BK25)*(G$23:G$28-F$23:F$28))} | BO25: {=SUMPRODUCT((E$23:E$28=BD25)*ISNUMBER(F$23:F$28)*ISNUMBER(G$23:G$28)*COUNTIFS(BD$24:BD$27,H$23:H$28,BK$24:BK$27,BK25)*F$23:F$28)+SUMPRODUCT((H$23:H$28=BD25)*ISNUMBER(F$23:F$28)*ISNUMBER(G$23:G$28)*COUNTIFS(BD$24:BD$27,E$23:E$28,BK$24:BK$27,BK25)*G$23:G$28)}
A26: 22 | B26: =TEXT((46192)+(23+4+GmtOffset)/24,"ddd") | C26: =TEXT((46192)+(23+4+GmtOffset)/24,"mmm d, yyyy") | D26: =TEXT((46192)+(23+4+GmtOffset)/24,"h:mm") | E26: Türkiye | H26: Paraguay | I26: D | K26: =INDEX(BD24:BD27,MATCH(2,BL24:BL27,0)) | L26: =INDEX(BE24:BE27,MATCH(2,BL24:BL27,0)) | M26: =INDEX(BF24:BF27,MATCH(2,BL24:BL27,0)) | N26: =INDEX(BG24:BG27,MATCH(2,BL24:BL27,0)) | O26: =INDEX(BH24:BH27,MATCH(2,BL24:BL27,0)) | P26: =INDEX(BI24:BI27,MATCH(2,BL24:BL27,0))&" - "&INDEX(BJ24:BJ27,MATCH(2,BL24:BL27,0)) | Q26: =INDEX(BK24:BK27,MATCH(2,BL24:BL27,0)) | S26: =IF((COUNTIF($F$5:$G$76,">=0")=144),IFERROR(INDEX($AP$81:$AP$92,9),"Runner-up I"),"Runner-up I") | BD26: Australia | BE26: {=SUMPRODUCT((((E23:E28=BD26)+(H23:H28=BD26))>0)*ISNUMBER(F23:F28)*ISNUMBER(G23:G28))} | BF26: {=SUMPRODUCT((E23:E28=BD26)*ISNUMBER(F23:F28)*ISNUMBER(G23:G28)*(F23:F28>G23:G28))+SUMPRODUCT((H23:H28=BD26)*ISNUMBER(F23:F28)*ISNUMBER(G23:G28)*(G23:G28>F23:F28))} | BG26: {=SUMPRODUCT((((E23:E28=BD26)+(H23:H28=BD26))>0)*ISNUMBER(F23:F28)*ISNUMBER(G23:G28)*(F23:F28=G23:G28))} | BH26: =BE26-BF26-BG26 | BI26: {=SUMPRODUCT((E23:E28=BD26)*IFERROR(F23:F28,0))+SUMPRODUCT((H23:H28=BD26)*IFERROR(G23:G28,0))} | BJ26: {=SUMPRODUCT((E23:E28=BD26)*IFERROR(G23:G28,0))+SUMPRODUCT((H23:H28=BD26)*IFERROR(F23:F28,0))} | BK26: =BF26*3+BG26 | BL26: =1+SUMPRODUCT(((BK$24:BK$27>BK26)+(BK$24:BK$27=BK26)*(BM$24:BM$27>BM26)+(BK$24:BK$27=BK26)*(BM$24:BM$27=BM26)*(BN$24:BN$27>BN26)+(BK$24:BK$27=BK26)*(BM$24:BM$27=BM26)*(BN$24:BN$27=BN26)*(BO$24:BO$27>BO26)+(BK$24:BK$27=BK26)*(BM$24:BM$27=BM26)*(BN$24:BN$27=BN26)*(BO$24:BO$27=BO26)*((BI$24:BI$27-BJ$24:BJ$27)>(BI26-BJ26))+(BK$24:BK$27=BK26)*(BM$24:BM$27=BM26)*(BN$24:BN$27=BN26)*(BO$24:BO$27=BO26)*((BI$24:BI$27-BJ$24:BJ$27)=(BI26-BJ26))*(BI$24:BI$27>BI26)+(BK$24:BK$27=BK26)*(BM$24:BM$27=BM26)*(BN$24:BN$27=BN26)*(BO$24:BO$27=BO26)*((BI$24:BI$27-BJ$24:BJ$27)=(BI26-BJ26))*(BI$24:BI$27=BI26)*(ROW(BK$24:BK$27)<ROW(BK26)))*1) | BM26: {=SUMPRODUCT((E$23:E$28=BD26)*ISNUMBER(F$23:F$28)*ISNUMBER(G$23:G$28)*COUNTIFS(BD$24:BD$27,H$23:H$28,BK$24:BK$27,BK26)*((F$23:F$28>G$23:G$28)*3+(F$23:F$28=G$23:G$28)))+SUMPRODUCT((H$23:H$28=BD26)*ISNUMBER(F$23:F$28)*ISNUMBER(G$23:G$28)*COUNTIFS(BD$24:BD$27,E$23:E$28,BK$24:BK$27,BK26)*((G$23:G$28>F$23:F$28)*3+(F$23:F$28=G$23:G$28)))} | BN26: {=SUMPRODUCT((E$23:E$28=BD26)*ISNUMBER(F$23:F$28)*ISNUMBER(G$23:G$28)*COUNTIFS(BD$24:BD$27,H$23:H$28,BK$24:BK$27,BK26)*(F$23:F$28-G$23:G$28))+SUMPRODUCT((H$23:H$28=BD26)*ISNUMBER(F$23:F$28)*ISNUMBER(G$23:G$28)*COUNTIFS(BD$24:BD$27,E$23:E$28,BK$24:BK$27,BK26)*(G$23:G$28-F$23:F$28))} | BO26: {=SUMPRODUCT((E$23:E$28=BD26)*ISNUMBER(F$23:F$28)*ISNUMBER(G$23:G$28)*COUNTIFS(BD$24:BD$27,H$23:H$28,BK$24:BK$27,BK26)*F$23:F$28)+SUMPRODUCT((H$23:H$28=BD26)*ISNUMBER(F$23:F$28)*ISNUMBER(G$23:G$28)*COUNTIFS(BD$24:BD$27,E$23:E$28,BK$24:BK$27,BK26)*G$23:G$28)}
A27: 23 | B27: =TEXT((46198)+(22+4+GmtOffset)/24,"ddd") | C27: =TEXT((46198)+(22+4+GmtOffset)/24,"mmm d, yyyy") | D27: =TEXT((46198)+(22+4+GmtOffset)/24,"h:mm") | E27: Türkiye | H27: United States | I27: D | K27: =INDEX(BD24:BD27,MATCH(3,BL24:BL27,0)) | L27: =INDEX(BE24:BE27,MATCH(3,BL24:BL27,0)) | M27: =INDEX(BF24:BF27,MATCH(3,BL24:BL27,0)) | N27: =INDEX(BG24:BG27,MATCH(3,BL24:BL27,0)) | O27: =INDEX(BH24:BH27,MATCH(3,BL24:BL27,0)) | P27: =INDEX(BI24:BI27,MATCH(3,BL24:BL27,0))&" - "&INDEX(BJ24:BJ27,MATCH(3,BL24:BL27,0)) | Q27: =INDEX(BK24:BK27,MATCH(3,BL24:BL27,0)) | AA27: =IF(AND(ISNUMBER(X39),ISNUMBER(X40)),IF(X39>X40,W39,IF(X40>X39,W40,IF(NOT(AND(ISNUMBER(Y39),ISNUMBER(Y40))),"",IF(Y39>Y40,W39,IF(Y40>Y39,W40,IF(NOT(AND(ISNUMBER(Z39),ISNUMBER(Z40))),"",IF(Z39>Z40,W39,IF(Z40>Z39,W40,"")))))))),"W93") | BD27: Türkiye | BE27: {=SUMPRODUCT((((E23:E28=BD27)+(H23:H28=BD27))>0)*ISNUMBER(F23:F28)*ISNUMBER(G23:G28))} | BF27: {=SUMPRODUCT((E23:E28=BD27)*ISNUMBER(F23:F28)*ISNUMBER(G23:G28)*(F23:F28>G23:G28))+SUMPRODUCT((H23:H28=BD27)*ISNUMBER(F23:F28)*ISNUMBER(G23:G28)*(G23:G28>F23:F28))} | BG27: {=SUMPRODUCT((((E23:E28=BD27)+(H23:H28=BD27))>0)*ISNUMBER(F23:F28)*ISNUMBER(G23:G28)*(F23:F28=G23:G28))} | BH27: =BE27-BF27-BG27 | BI27: {=SUMPRODUCT((E23:E28=BD27)*IFERROR(F23:F28,0))+SUMPRODUCT((H23:H28=BD27)*IFERROR(G23:G28,0))} | BJ27: {=SUMPRODUCT((E23:E28=BD27)*IFERROR(G23:G28,0))+SUMPRODUCT((H23:H28=BD27)*IFERROR(F23:F28,0))} | BK27: =BF27*3+BG27 | BL27: =1+SUMPRODUCT(((BK$24:BK$27>BK27)+(BK$24:BK$27=BK27)*(BM$24:BM$27>BM27)+(BK$24:BK$27=BK27)*(BM$24:BM$27=BM27)*(BN$24:BN$27>BN27)+(BK$24:BK$27=BK27)*(BM$24:BM$27=BM27)*(BN$24:BN$27=BN27)*(BO$24:BO$27>BO27)+(BK$24:BK$27=BK27)*(BM$24:BM$27=BM27)*(BN$24:BN$27=BN27)*(BO$24:BO$27=BO27)*((BI$24:BI$27-BJ$24:BJ$27)>(BI27-BJ27))+(BK$24:BK$27=BK27)*(BM$24:BM$27=BM27)*(BN$24:BN$27=BN27)*(BO$24:BO$27=BO27)*((BI$24:BI$27-BJ$24:BJ$27)=(BI27-BJ27))*(BI$24:BI$27>BI27)+(BK$24:BK$27=BK27)*(BM$24:BM$27=BM27)*(BN$24:BN$27=BN27)*(BO$24:BO$27=BO27)*((BI$24:BI$27-BJ$24:BJ$27)=(BI27-BJ27))*(BI$24:BI$27=BI27)*(ROW(BK$24:BK$27)<ROW(BK27)))*1) | BM27: {=SUMPRODUCT((E$23:E$28=BD27)*ISNUMBER(F$23:F$28)*ISNUMBER(G$23:G$28)*COUNTIFS(BD$24:BD$27,H$23:H$28,BK$24:BK$27,BK27)*((F$23:F$28>G$23:G$28)*3+(F$23:F$28=G$23:G$28)))+SUMPRODUCT((H$23:H$28=BD27)*ISNUMBER(F$23:F$28)*ISNUMBER(G$23:G$28)*COUNTIFS(BD$24:BD$27,E$23:E$28,BK$24:BK$27,BK27)*((G$23:G$28>F$23:F$28)*3+(F$23:F$28=G$23:G$28)))} | BN27: {=SUMPRODUCT((E$23:E$28=BD27)*ISNUMBER(F$23:F$28)*ISNUMBER(G$23:G$28)*COUNTIFS(BD$24:BD$27,H$23:H$28,BK$24:BK$27,BK27)*(F$23:F$28-G$23:G$28))+SUMPRODUCT((H$23:H$28=BD27)*ISNUMBER(F$23:F$28)*ISNUMBER(G$23:G$28)*COUNTIFS(BD$24:BD$27,E$23:E$28,BK$24:BK$27,BK27)*(G$23:G$28-F$23:F$28))} | BO27: {=SUMPRODUCT((E$23:E$28=BD27)*ISNUMBER(F$23:F$28)*ISNUMBER(G$23:G$28)*COUNTIFS(BD$24:BD$27,H$23:H$28,BK$24:BK$27,BK27)*F$23:F$28)+SUMPRODUCT((H$23:H$28=BD27)*ISNUMBER(F$23:F$28)*ISNUMBER(G$23:G$28)*COUNTIFS(BD$24:BD$27,E$23:E$28,BK$24:BK$27,BK27)*G$23:G$28)}
A28: 24 | B28: =TEXT((46198)+(22+4+GmtOffset)/24,"ddd") | C28: =TEXT((46198)+(22+4+GmtOffset)/24,"mmm d, yyyy") | D28: =TEXT((46198)+(22+4+GmtOffset)/24,"h:mm") | E28: Paraguay | H28: Australia | I28: D | K28: =INDEX(BD24:BD27,MATCH(4,BL24:BL27,0)) | L28: =INDEX(BE24:BE27,MATCH(4,BL24:BL27,0)) | M28: =INDEX(BF24:BF27,MATCH(4,BL24:BL27,0)) | N28: =INDEX(BG24:BG27,MATCH(4,BL24:BL27,0)) | O28: =INDEX(BH24:BH27,MATCH(4,BL24:BL27,0)) | P28: =INDEX(BI24:BI27,MATCH(4,BL24:BL27,0))&" - "&INDEX(BJ24:BJ27,MATCH(4,BL24:BL27,0)) | Q28: =INDEX(BK24:BK27,MATCH(4,BL24:BL27,0)) | AA28: =IF(AND(ISNUMBER(X47),ISNUMBER(X48)),IF(X47>X48,W47,IF(X48>X47,W48,IF(NOT(AND(ISNUMBER(Y47),ISNUMBER(Y48))),"",IF(Y47>Y48,W47,IF(Y48>Y47,W48,IF(NOT(AND(ISNUMBER(Z47),ISNUMBER(Z48))),"",IF(Z47>Z48,W47,IF(Z48>Z47,W48,"")))))))),"W94")
A29: 25 | B29: =TEXT((46187)+(13+4+GmtOffset)/24,"ddd") | C29: =TEXT((46187)+(13+4+GmtOffset)/24,"mmm d, yyyy") | D29: =TEXT((46187)+(13+4+GmtOffset)/24,"h:mm") | E29: Germany | H29: Curaçao | I29: E | K29: Group E | S29: =IF((COUNTIF($F$5:$G$76,">=0")=144),IFERROR(INDEX($AO$81:$AO$92,1),"Winner A"),"Winner A")
A30: 26 | B30: =TEXT((46187)+(19+4+GmtOffset)/24,"ddd") | C30: =TEXT((46187)+(19+4+GmtOffset)/24,"mmm d, yyyy") | D30: =TEXT((46187)+(19+4+GmtOffset)/24,"h:mm") | E30: Ivory Coast | H30: Ecuador | I30: E | L30: PL | M30: W | N30: D | O30: L | P30: GF - GA | Q30: P | S30: =IF((COUNTIF($F$5:$G$76,">=0")=144),IFERROR(INDEX($AQ$81:$AQ$92,MATCH($BO$81,$AN$81:$AN$92,0)),"Best 3rd C/E/F/H/I"),"Best 3rd C/E/F/H/I") | BD30: Germany | BE30: {=SUMPRODUCT((((E29:E34=BD30)+(H29:H34=BD30))>0)*ISNUMBER(F29:F34)*ISNUMBER(G29:G34))} | BF30: {=SUMPRODUCT((E29:E34=BD30)*ISNUMBER(F29:F34)*ISNUMBER(G29:G34)*(F29:F34>G29:G34))+SUMPRODUCT((H29:H34=BD30)*ISNUMBER(F29:F34)*ISNUMBER(G29:G34)*(G29:G34>F29:F34))} | BG30: {=SUMPRODUCT((((E29:E34=BD30)+(H29:H34=BD30))>0)*ISNUMBER(F29:F34)*ISNUMBER(G29:G34)*(F29:F34=G29:G34))} | BH30: =BE30-BF30-BG30 | BI30: {=SUMPRODUCT((E29:E34=BD30)*IFERROR(F29:F34,0))+SUMPRODUCT((H29:H34=BD30)*IFERROR(G29:G34,0))} | BJ30: {=SUMPRODUCT((E29:E34=BD30)*IFERROR(G29:G34,0))+SUMPRODUCT((H29:H34=BD30)*IFERROR(F29:F34,0))} | BK30: =BF30*3+BG30 | BL30: =1+SUMPRODUCT(((BK$30:BK$33>BK30)+(BK$30:BK$33=BK30)*(BM$30:BM$33>BM30)+(BK$30:BK$33=BK30)*(BM$30:BM$33=BM30)*(BN$30:BN$33>BN30)+(BK$30:BK$33=BK30)*(BM$30:BM$33=BM30)*(BN$30:BN$33=BN30)*(BO$30:BO$33>BO30)+(BK$30:BK$33=BK30)*(BM$30:BM$33=BM30)*(BN$30:BN$33=BN30)*(BO$30:BO$33=BO30)*((BI$30:BI$33-BJ$30:BJ$33)>(BI30-BJ30))+(BK$30:BK$33=BK30)*(BM$30:BM$33=BM30)*(BN$30:BN$33=BN30)*(BO$30:BO$33=BO30)*((BI$30:BI$33-BJ$30:BJ$33)=(BI30-BJ30))*(BI$30:BI$33>BI30)+(BK$30:BK$33=BK30)*(BM$30:BM$33=BM30)*(BN$30:BN$33=BN30)*(BO$30:BO$33=BO30)*((BI$30:BI$33-BJ$30:BJ$33)=(BI30-BJ30))*(BI$30:BI$33=BI30)*(ROW(BK$30:BK$33)<ROW(BK30)))*1) | BM30: {=SUMPRODUCT((E$29:E$34=BD30)*ISNUMBER(F$29:F$34)*ISNUMBER(G$29:G$34)*COUNTIFS(BD$30:BD$33,H$29:H$34,BK$30:BK$33,BK30)*((F$29:F$34>G$29:G$34)*3+(F$29:F$34=G$29:G$34)))+SUMPRODUCT((H$29:H$34=BD30)*ISNUMBER(F$29:F$34)*ISNUMBER(G$29:G$34)*COUNTIFS(BD$30:BD$33,E$29:E$34,BK$30:BK$33,BK30)*((G$29:G$34>F$29:F$34)*3+(F$29:F$34=G$29:G$34)))} | BN30: {=SUMPRODUCT((E$29:E$34=BD30)*ISNUMBER(F$29:F$34)*ISNUMBER(G$29:G$34)*COUNTIFS(BD$30:BD$33,H$29:H$34,BK$30:BK$33,BK30)*(F$29:F$34-G$29:G$34))+SUMPRODUCT((H$29:H$34=BD30)*ISNUMBER(F$29:F$34)*ISNUMBER(G$29:G$34)*COUNTIFS(BD$30:BD$33,E$29:E$34,BK$30:BK$33,BK30)*(G$29:G$34-F$29:F$34))} | BO30: {=SUMPRODUCT((E$29:E$34=BD30)*ISNUMBER(F$29:F$34)*ISNUMBER(G$29:G$34)*COUNTIFS(BD$30:BD$33,H$29:H$34,BK$30:BK$33,BK30)*F$29:F$34)+SUMPRODUCT((H$29:H$34=BD30)*ISNUMBER(F$29:F$34)*ISNUMBER(G$29:G$34)*COUNTIFS(BD$30:BD$33,E$29:E$34,BK$30:BK$33,BK30)*G$29:G$34)}
A31: 27 | B31: =TEXT((46193)+(16+4+GmtOffset)/24,"ddd") | C31: =TEXT((46193)+(16+4+GmtOffset)/24,"mmm d, yyyy") | D31: =TEXT((46193)+(16+4+GmtOffset)/24,"h:mm") | E31: Germany | H31: Ivory Coast | I31: E | K31: =INDEX(BD30:BD33,MATCH(1,BL30:BL33,0)) | L31: =INDEX(BE30:BE33,MATCH(1,BL30:BL33,0)) | M31: =INDEX(BF30:BF33,MATCH(1,BL30:BL33,0)) | N31: =INDEX(BG30:BG33,MATCH(1,BL30:BL33,0)) | O31: =INDEX(BH30:BH33,MATCH(1,BL30:BL33,0)) | P31: =INDEX(BI30:BI33,MATCH(1,BL30:BL33,0))&" - "&INDEX(BJ30:BJ33,MATCH(1,BL30:BL33,0)) | Q31: =INDEX(BK30:BK33,MATCH(1,BL30:BL33,0)) | W31: =IF(AND(ISNUMBER(T29),ISNUMBER(T30)),IF(T29>T30,S29,IF(T30>T29,S30,IF(NOT(AND(ISNUMBER(U29),ISNUMBER(U30))),"",IF(U29>U30,S29,IF(U30>U29,S30,IF(NOT(AND(ISNUMBER(V29),ISNUMBER(V30))),"",IF(V29>V30,S29,IF(V30>V29,S30,"")))))))),"W79") | BD31: Curaçao | BE31: {=SUMPRODUCT((((E29:E34=BD31)+(H29:H34=BD31))>0)*ISNUMBER(F29:F34)*ISNUMBER(G29:G34))} | BF31: {=SUMPRODUCT((E29:E34=BD31)*ISNUMBER(F29:F34)*ISNUMBER(G29:G34)*(F29:F34>G29:G34))+SUMPRODUCT((H29:H34=BD31)*ISNUMBER(F29:F34)*ISNUMBER(G29:G34)*(G29:G34>F29:F34))} | BG31: {=SUMPRODUCT((((E29:E34=BD31)+(H29:H34=BD31))>0)*ISNUMBER(F29:F34)*ISNUMBER(G29:G34)*(F29:F34=G29:G34))} | BH31: =BE31-BF31-BG31 | BI31: {=SUMPRODUCT((E29:E34=BD31)*IFERROR(F29:F34,0))+SUMPRODUCT((H29:H34=BD31)*IFERROR(G29:G34,0))} | BJ31: {=SUMPRODUCT((E29:E34=BD31)*IFERROR(G29:G34,0))+SUMPRODUCT((H29:H34=BD31)*IFERROR(F29:F34,0))} | BK31: =BF31*3+BG31 | BL31: =1+SUMPRODUCT(((BK$30:BK$33>BK31)+(BK$30:BK$33=BK31)*(BM$30:BM$33>BM31)+(BK$30:BK$33=BK31)*(BM$30:BM$33=BM31)*(BN$30:BN$33>BN31)+(BK$30:BK$33=BK31)*(BM$30:BM$33=BM31)*(BN$30:BN$33=BN31)*(BO$30:BO$33>BO31)+(BK$30:BK$33=BK31)*(BM$30:BM$33=BM31)*(BN$30:BN$33=BN31)*(BO$30:BO$33=BO31)*((BI$30:BI$33-BJ$30:BJ$33)>(BI31-BJ31))+(BK$30:BK$33=BK31)*(BM$30:BM$33=BM31)*(BN$30:BN$33=BN31)*(BO$30:BO$33=BO31)*((BI$30:BI$33-BJ$30:BJ$33)=(BI31-BJ31))*(BI$30:BI$33>BI31)+(BK$30:BK$33=BK31)*(BM$30:BM$33=BM31)*(BN$30:BN$33=BN31)*(BO$30:BO$33=BO31)*((BI$30:BI$33-BJ$30:BJ$33)=(BI31-BJ31))*(BI$30:BI$33=BI31)*(ROW(BK$30:BK$33)<ROW(BK31)))*1) | BM31: {=SUMPRODUCT((E$29:E$34=BD31)*ISNUMBER(F$29:F$34)*ISNUMBER(G$29:G$34)*COUNTIFS(BD$30:BD$33,H$29:H$34,BK$30:BK$33,BK31)*((F$29:F$34>G$29:G$34)*3+(F$29:F$34=G$29:G$34)))+SUMPRODUCT((H$29:H$34=BD31)*ISNUMBER(F$29:F$34)*ISNUMBER(G$29:G$34)*COUNTIFS(BD$30:BD$33,E$29:E$34,BK$30:BK$33,BK31)*((G$29:G$34>F$29:F$34)*3+(F$29:F$34=G$29:G$34)))} | BN31: {=SUMPRODUCT((E$29:E$34=BD31)*ISNUMBER(F$29:F$34)*ISNUMBER(G$29:G$34)*COUNTIFS(BD$30:BD$33,H$29:H$34,BK$30:BK$33,BK31)*(F$29:F$34-G$29:G$34))+SUMPRODUCT((H$29:H$34=BD31)*ISNUMBER(F$29:F$34)*ISNUMBER(G$29:G$34)*COUNTIFS(BD$30:BD$33,E$29:E$34,BK$30:BK$33,BK31)*(G$29:G$34-F$29:F$34))} | BO31: {=SUMPRODUCT((E$29:E$34=BD31)*ISNUMBER(F$29:F$34)*ISNUMBER(G$29:G$34)*COUNTIFS(BD$30:BD$33,H$29:H$34,BK$30:BK$33,BK31)*F$29:F$34)+SUMPRODUCT((H$29:H$34=BD31)*ISNUMBER(F$29:F$34)*ISNUMBER(G$29:G$34)*COUNTIFS(BD$30:BD$33,E$29:E$34,BK$30:BK$33,BK31)*G$29:G$34)}
A32: 28 | B32: =TEXT((46193)+(20+4+GmtOffset)/24,"ddd") | C32: =TEXT((46193)+(20+4+GmtOffset)/24,"mmm d, yyyy") | D32: =TEXT((46193)+(20+4+GmtOffset)/24,"h:mm") | E32: Ecuador | H32: Curaçao | I32: E | K32: =INDEX(BD30:BD33,MATCH(2,BL30:BL33,0)) | L32: =INDEX(BE30:BE33,MATCH(2,BL30:BL33,0)) | M32: =INDEX(BF30:BF33,MATCH(2,BL30:BL33,0)) | N32: =INDEX(BG30:BG33,MATCH(2,BL30:BL33,0)) | O32: =INDEX(BH30:BH33,MATCH(2,BL30:BL33,0)) | P32: =INDEX(BI30:BI33,MATCH(2,BL30:BL33,0))&" - "&INDEX(BJ30:BJ33,MATCH(2,BL30:BL33,0)) | Q32: =INDEX(BK30:BK33,MATCH(2,BL30:BL33,0)) | W32: =IF(AND(ISNUMBER(T33),ISNUMBER(T34)),IF(T33>T34,S33,IF(T34>T33,S34,IF(NOT(AND(ISNUMBER(U33),ISNUMBER(U34))),"",IF(U33>U34,S33,IF(U34>U33,S34,IF(NOT(AND(ISNUMBER(V33),ISNUMBER(V34))),"",IF(V33>V34,S33,IF(V34>V33,S34,"")))))))),"W80") | BD32: Ivory Coast | BE32: {=SUMPRODUCT((((E29:E34=BD32)+(H29:H34=BD32))>0)*ISNUMBER(F29:F34)*ISNUMBER(G29:G34))} | BF32: {=SUMPRODUCT((E29:E34=BD32)*ISNUMBER(F29:F34)*ISNUMBER(G29:G34)*(F29:F34>G29:G34))+SUMPRODUCT((H29:H34=BD32)*ISNUMBER(F29:F34)*ISNUMBER(G29:G34)*(G29:G34>F29:F34))} | BG32: {=SUMPRODUCT((((E29:E34=BD32)+(H29:H34=BD32))>0)*ISNUMBER(F29:F34)*ISNUMBER(G29:G34)*(F29:F34=G29:G34))} | BH32: =BE32-BF32-BG32 | BI32: {=SUMPRODUCT((E29:E34=BD32)*IFERROR(F29:F34,0))+SUMPRODUCT((H29:H34=BD32)*IFERROR(G29:G34,0))} | BJ32: {=SUMPRODUCT((E29:E34=BD32)*IFERROR(G29:G34,0))+SUMPRODUCT((H29:H34=BD32)*IFERROR(F29:F34,0))} | BK32: =BF32*3+BG32 | BL32: =1+SUMPRODUCT(((BK$30:BK$33>BK32)+(BK$30:BK$33=BK32)*(BM$30:BM$33>BM32)+(BK$30:BK$33=BK32)*(BM$30:BM$33=BM32)*(BN$30:BN$33>BN32)+(BK$30:BK$33=BK32)*(BM$30:BM$33=BM32)*(BN$30:BN$33=BN32)*(BO$30:BO$33>BO32)+(BK$30:BK$33=BK32)*(BM$30:BM$33=BM32)*(BN$30:BN$33=BN32)*(BO$30:BO$33=BO32)*((BI$30:BI$33-BJ$30:BJ$33)>(BI32-BJ32))+(BK$30:BK$33=BK32)*(BM$30:BM$33=BM32)*(BN$30:BN$33=BN32)*(BO$30:BO$33=BO32)*((BI$30:BI$33-BJ$30:BJ$33)=(BI32-BJ32))*(BI$30:BI$33>BI32)+(BK$30:BK$33=BK32)*(BM$30:BM$33=BM32)*(BN$30:BN$33=BN32)*(BO$30:BO$33=BO32)*((BI$30:BI$33-BJ$30:BJ$33)=(BI32-BJ32))*(BI$30:BI$33=BI32)*(ROW(BK$30:BK$33)<ROW(BK32)))*1) | BM32: {=SUMPRODUCT((E$29:E$34=BD32)*ISNUMBER(F$29:F$34)*ISNUMBER(G$29:G$34)*COUNTIFS(BD$30:BD$33,H$29:H$34,BK$30:BK$33,BK32)*((F$29:F$34>G$29:G$34)*3+(F$29:F$34=G$29:G$34)))+SUMPRODUCT((H$29:H$34=BD32)*ISNUMBER(F$29:F$34)*ISNUMBER(G$29:G$34)*COUNTIFS(BD$30:BD$33,E$29:E$34,BK$30:BK$33,BK32)*((G$29:G$34>F$29:F$34)*3+(F$29:F$34=G$29:G$34)))} | BN32: {=SUMPRODUCT((E$29:E$34=BD32)*ISNUMBER(F$29:F$34)*ISNUMBER(G$29:G$34)*COUNTIFS(BD$30:BD$33,H$29:H$34,BK$30:BK$33,BK32)*(F$29:F$34-G$29:G$34))+SUMPRODUCT((H$29:H$34=BD32)*ISNUMBER(F$29:F$34)*ISNUMBER(G$29:G$34)*COUNTIFS(BD$30:BD$33,E$29:E$34,BK$30:BK$33,BK32)*(G$29:G$34-F$29:F$34))} | BO32: {=SUMPRODUCT((E$29:E$34=BD32)*ISNUMBER(F$29:F$34)*ISNUMBER(G$29:G$34)*COUNTIFS(BD$30:BD$33,H$29:H$34,BK$30:BK$33,BK32)*F$29:F$34)+SUMPRODUCT((H$29:H$34=BD32)*ISNUMBER(F$29:F$34)*ISNUMBER(G$29:G$34)*COUNTIFS(BD$30:BD$33,E$29:E$34,BK$30:BK$33,BK32)*G$29:G$34)}
A33: 29 | B33: =TEXT((46198)+(16+4+GmtOffset)/24,"ddd") | C33: =TEXT((46198)+(16+4+GmtOffset)/24,"mmm d, yyyy") | D33: =TEXT((46198)+(16+4+GmtOffset)/24,"h:mm") | E33: Ecuador | H33: Germany | I33: E | K33: =INDEX(BD30:BD33,MATCH(3,BL30:BL33,0)) | L33: =INDEX(BE30:BE33,MATCH(3,BL30:BL33,0)) | M33: =INDEX(BF30:BF33,MATCH(3,BL30:BL33,0)) | N33: =INDEX(BG30:BG33,MATCH(3,BL30:BL33,0)) | O33: =INDEX(BH30:BH33,MATCH(3,BL30:BL33,0)) | P33: =INDEX(BI30:BI33,MATCH(3,BL30:BL33,0))&" - "&INDEX(BJ30:BJ33,MATCH(3,BL30:BL33,0)) | Q33: =INDEX(BK30:BK33,MATCH(3,BL30:BL33,0)) | S33: =IF((COUNTIF($F$5:$G$76,">=0")=144),IFERROR(INDEX($AO$81:$AO$92,12),"Winner L"),"Winner L") | BD33: Ecuador | BE33: {=SUMPRODUCT((((E29:E34=BD33)+(H29:H34=BD33))>0)*ISNUMBER(F29:F34)*ISNUMBER(G29:G34))} | BF33: {=SUMPRODUCT((E29:E34=BD33)*ISNUMBER(F29:F34)*ISNUMBER(G29:G34)*(F29:F34>G29:G34))+SUMPRODUCT((H29:H34=BD33)*ISNUMBER(F29:F34)*ISNUMBER(G29:G34)*(G29:G34>F29:F34))} | BG33: {=SUMPRODUCT((((E29:E34=BD33)+(H29:H34=BD33))>0)*ISNUMBER(F29:F34)*ISNUMBER(G29:G34)*(F29:F34=G29:G34))} | BH33: =BE33-BF33-BG33 | BI33: {=SUMPRODUCT((E29:E34=BD33)*IFERROR(F29:F34,0))+SUMPRODUCT((H29:H34=BD33)*IFERROR(G29:G34,0))} | BJ33: {=SUMPRODUCT((E29:E34=BD33)*IFERROR(G29:G34,0))+SUMPRODUCT((H29:H34=BD33)*IFERROR(F29:F34,0))} | BK33: =BF33*3+BG33 | BL33: =1+SUMPRODUCT(((BK$30:BK$33>BK33)+(BK$30:BK$33=BK33)*(BM$30:BM$33>BM33)+(BK$30:BK$33=BK33)*(BM$30:BM$33=BM33)*(BN$30:BN$33>BN33)+(BK$30:BK$33=BK33)*(BM$30:BM$33=BM33)*(BN$30:BN$33=BN33)*(BO$30:BO$33>BO33)+(BK$30:BK$33=BK33)*(BM$30:BM$33=BM33)*(BN$30:BN$33=BN33)*(BO$30:BO$33=BO33)*((BI$30:BI$33-BJ$30:BJ$33)>(BI33-BJ33))+(BK$30:BK$33=BK33)*(BM$30:BM$33=BM33)*(BN$30:BN$33=BN33)*(BO$30:BO$33=BO33)*((BI$30:BI$33-BJ$30:BJ$33)=(BI33-BJ33))*(BI$30:BI$33>BI33)+(BK$30:BK$33=BK33)*(BM$30:BM$33=BM33)*(BN$30:BN$33=BN33)*(BO$30:BO$33=BO33)*((BI$30:BI$33-BJ$30:BJ$33)=(BI33-BJ33))*(BI$30:BI$33=BI33)*(ROW(BK$30:BK$33)<ROW(BK33)))*1) | BM33: {=SUMPRODUCT((E$29:E$34=BD33)*ISNUMBER(F$29:F$34)*ISNUMBER(G$29:G$34)*COUNTIFS(BD$30:BD$33,H$29:H$34,BK$30:BK$33,BK33)*((F$29:F$34>G$29:G$34)*3+(F$29:F$34=G$29:G$34)))+SUMPRODUCT((H$29:H$34=BD33)*ISNUMBER(F$29:F$34)*ISNUMBER(G$29:G$34)*COUNTIFS(BD$30:BD$33,E$29:E$34,BK$30:BK$33,BK33)*((G$29:G$34>F$29:F$34)*3+(F$29:F$34=G$29:G$34)))} | BN33: {=SUMPRODUCT((E$29:E$34=BD33)*ISNUMBER(F$29:F$34)*ISNUMBER(G$29:G$34)*COUNTIFS(BD$30:BD$33,H$29:H$34,BK$30:BK$33,BK33)*(F$29:F$34-G$29:G$34))+SUMPRODUCT((H$29:H$34=BD33)*ISNUMBER(F$29:F$34)*ISNUMBER(G$29:G$34)*COUNTIFS(BD$30:BD$33,E$29:E$34,BK$30:BK$33,BK33)*(G$29:G$34-F$29:F$34))} | BO33: {=SUMPRODUCT((E$29:E$34=BD33)*ISNUMBER(F$29:F$34)*ISNUMBER(G$29:G$34)*COUNTIFS(BD$30:BD$33,H$29:H$34,BK$30:BK$33,BK33)*F$29:F$34)+SUMPRODUCT((H$29:H$34=BD33)*ISNUMBER(F$29:F$34)*ISNUMBER(G$29:G$34)*COUNTIFS(BD$30:BD$33,E$29:E$34,BK$30:BK$33,BK33)*G$29:G$34)}
A34: 30 | B34: =TEXT((46198)+(16+4+GmtOffset)/24,"ddd") | C34: =TEXT((46198)+(16+4+GmtOffset)/24,"mmm d, yyyy") | D34: =TEXT((46198)+(16+4+GmtOffset)/24,"h:mm") | E34: Curaçao | H34: Ivory Coast | I34: E | K34: =INDEX(BD30:BD33,MATCH(4,BL30:BL33,0)) | L34: =INDEX(BE30:BE33,MATCH(4,BL30:BL33,0)) | M34: =INDEX(BF30:BF33,MATCH(4,BL30:BL33,0)) | N34: =INDEX(BG30:BG33,MATCH(4,BL30:BL33,0)) | O34: =INDEX(BH30:BH33,MATCH(4,BL30:BL33,0)) | P34: =INDEX(BI30:BI33,MATCH(4,BL30:BL33,0))&" - "&INDEX(BJ30:BJ33,MATCH(4,BL30:BL33,0)) | Q34: =INDEX(BK30:BK33,MATCH(4,BL30:BL33,0)) | S34: =IF((COUNTIF($F$5:$G$76,">=0")=144),IFERROR(INDEX($AQ$81:$AQ$92,MATCH($BP$81,$AN$81:$AN$92,0)),"Best 3rd E/H/I/J/K"),"Best 3rd E/H/I/J/K")
A35: 31 | B35: =TEXT((46187)+(16+4+GmtOffset)/24,"ddd") | C35: =TEXT((46187)+(16+4+GmtOffset)/24,"mmm d, yyyy") | D35: =TEXT((46187)+(16+4+GmtOffset)/24,"h:mm") | E35: Netherlands | H35: Japan | I35: F | K35: Group F | AI35: =IF(AND(ISNUMBER(AF19),ISNUMBER(AF20)),IF(AF19>AF20,AE19,IF(AF20>AF19,AE20,IF(NOT(AND(ISNUMBER(AG19),ISNUMBER(AG20))),"",IF(AG19>AG20,AE19,IF(AG20>AG19,AE20,IF(NOT(AND(ISNUMBER(AH19),ISNUMBER(AH20))),"",IF(AH19>AH20,AE19,IF(AH20>AH19,AE20,"")))))))),"W101")
A36: 32 | B36: =TEXT((46187)+(22+4+GmtOffset)/24,"ddd") | C36: =TEXT((46187)+(22+4+GmtOffset)/24,"mmm d, yyyy") | D36: =TEXT((46187)+(22+4+GmtOffset)/24,"h:mm") | E36: Sweden | H36: Tunisia | I36: F | L36: PL | M36: W | N36: D | O36: L | P36: GF - GA | Q36: P | AI36: =IF(AND(ISNUMBER(AF51),ISNUMBER(AF52)),IF(AF51>AF52,AE51,IF(AF52>AF51,AE52,IF(NOT(AND(ISNUMBER(AG51),ISNUMBER(AG52))),"",IF(AG51>AG52,AE51,IF(AG52>AG51,AE52,IF(NOT(AND(ISNUMBER(AH51),ISNUMBER(AH52))),"",IF(AH51>AH52,AE51,IF(AH52>AH51,AE52,"")))))))),"W102") | BD36: Netherlands | BE36: {=SUMPRODUCT((((E35:E40=BD36)+(H35:H40=BD36))>0)*ISNUMBER(F35:F40)*ISNUMBER(G35:G40))} | BF36: {=SUMPRODUCT((E35:E40=BD36)*ISNUMBER(F35:F40)*ISNUMBER(G35:G40)*(F35:F40>G35:G40))+SUMPRODUCT((H35:H40=BD36)*ISNUMBER(F35:F40)*ISNUMBER(G35:G40)*(G35:G40>F35:F40))} | BG36: {=SUMPRODUCT((((E35:E40=BD36)+(H35:H40=BD36))>0)*ISNUMBER(F35:F40)*ISNUMBER(G35:G40)*(F35:F40=G35:G40))} | BH36: =BE36-BF36-BG36 | BI36: {=SUMPRODUCT((E35:E40=BD36)*IFERROR(F35:F40,0))+SUMPRODUCT((H35:H40=BD36)*IFERROR(G35:G40,0))} | BJ36: {=SUMPRODUCT((E35:E40=BD36)*IFERROR(G35:G40,0))+SUMPRODUCT((H35:H40=BD36)*IFERROR(F35:F40,0))} | BK36: =BF36*3+BG36 | BL36: =1+SUMPRODUCT(((BK$36:BK$39>BK36)+(BK$36:BK$39=BK36)*(BM$36:BM$39>BM36)+(BK$36:BK$39=BK36)*(BM$36:BM$39=BM36)*(BN$36:BN$39>BN36)+(BK$36:BK$39=BK36)*(BM$36:BM$39=BM36)*(BN$36:BN$39=BN36)*(BO$36:BO$39>BO36)+(BK$36:BK$39=BK36)*(BM$36:BM$39=BM36)*(BN$36:BN$39=BN36)*(BO$36:BO$39=BO36)*((BI$36:BI$39-BJ$36:BJ$39)>(BI36-BJ36))+(BK$36:BK$39=BK36)*(BM$36:BM$39=BM36)*(BN$36:BN$39=BN36)*(BO$36:BO$39=BO36)*((BI$36:BI$39-BJ$36:BJ$39)=(BI36-BJ36))*(BI$36:BI$39>BI36)+(BK$36:BK$39=BK36)*(BM$36:BM$39=BM36)*(BN$36:BN$39=BN36)*(BO$36:BO$39=BO36)*((BI$36:BI$39-BJ$36:BJ$39)=(BI36-BJ36))*(BI$36:BI$39=BI36)*(ROW(BK$36:BK$39)<ROW(BK36)))*1) | BM36: {=SUMPRODUCT((E$35:E$40=BD36)*ISNUMBER(F$35:F$40)*ISNUMBER(G$35:G$40)*COUNTIFS(BD$36:BD$39,H$35:H$40,BK$36:BK$39,BK36)*((F$35:F$40>G$35:G$40)*3+(F$35:F$40=G$35:G$40)))+SUMPRODUCT((H$35:H$40=BD36)*ISNUMBER(F$35:F$40)*ISNUMBER(G$35:G$40)*COUNTIFS(BD$36:BD$39,E$35:E$40,BK$36:BK$39,BK36)*((G$35:G$40>F$35:F$40)*3+(F$35:F$40=G$35:G$40)))} | BN36: {=SUMPRODUCT((E$35:E$40=BD36)*ISNUMBER(F$35:F$40)*ISNUMBER(G$35:G$40)*COUNTIFS(BD$36:BD$39,H$35:H$40,BK$36:BK$39,BK36)*(F$35:F$40-G$35:G$40))+SUMPRODUCT((H$35:H$40=BD36)*ISNUMBER(F$35:F$40)*ISNUMBER(G$35:G$40)*COUNTIFS(BD$36:BD$39,E$35:E$40,BK$36:BK$39,BK36)*(G$35:G$40-F$35:F$40))} | BO36: {=SUMPRODUCT((E$35:E$40=BD36)*ISNUMBER(F$35:F$40)*ISNUMBER(G$35:G$40)*COUNTIFS(BD$36:BD$39,H$35:H$40,BK$36:BK$39,BK36)*F$35:F$40)+SUMPRODUCT((H$35:H$40=BD36)*ISNUMBER(F$35:F$40)*ISNUMBER(G$35:G$40)*COUNTIFS(BD$36:BD$39,E$35:E$40,BK$36:BK$39,BK36)*G$35:G$40)}
A37: 33 | B37: =TEXT((46193)+(13+4+GmtOffset)/24,"ddd") | C37: =TEXT((46193)+(13+4+GmtOffset)/24,"mmm d, yyyy") | D37: =TEXT((46193)+(13+4+GmtOffset)/24,"h:mm") | E37: Netherlands | H37: Sweden | I37: F | K37: =INDEX(BD36:BD39,MATCH(1,BL36:BL39,0)) | L37: =INDEX(BE36:BE39,MATCH(1,BL36:BL39,0)) | M37: =INDEX(BF36:BF39,MATCH(1,BL36:BL39,0)) | N37: =INDEX(BG36:BG39,MATCH(1,BL36:BL39,0)) | O37: =INDEX(BH36:BH39,MATCH(1,BL36:BL39,0)) | P37: =INDEX(BI36:BI39,MATCH(1,BL36:BL39,0))&" - "&INDEX(BJ36:BJ39,MATCH(1,BL36:BL39,0)) | Q37: =INDEX(BK36:BK39,MATCH(1,BL36:BL39,0)) | S37: =IF((COUNTIF($F$5:$G$76,">=0")=144),IFERROR(INDEX($AO$81:$AO$92,4),"Winner D"),"Winner D") | BD37: Japan | BE37: {=SUMPRODUCT((((E35:E40=BD37)+(H35:H40=BD37))>0)*ISNUMBER(F35:F40)*ISNUMBER(G35:G40))} | BF37: {=SUMPRODUCT((E35:E40=BD37)*ISNUMBER(F35:F40)*ISNUMBER(G35:G40)*(F35:F40>G35:G40))+SUMPRODUCT((H35:H40=BD37)*ISNUMBER(F35:F40)*ISNUMBER(G35:G40)*(G35:G40>F35:F40))} | BG37: {=SUMPRODUCT((((E35:E40=BD37)+(H35:H40=BD37))>0)*ISNUMBER(F35:F40)*ISNUMBER(G35:G40)*(F35:F40=G35:G40))} | BH37: =BE37-BF37-BG37 | BI37: {=SUMPRODUCT((E35:E40=BD37)*IFERROR(F35:F40,0))+SUMPRODUCT((H35:H40=BD37)*IFERROR(G35:G40,0))} | BJ37: {=SUMPRODUCT((E35:E40=BD37)*IFERROR(G35:G40,0))+SUMPRODUCT((H35:H40=BD37)*IFERROR(F35:F40,0))} | BK37: =BF37*3+BG37 | BL37: =1+SUMPRODUCT(((BK$36:BK$39>BK37)+(BK$36:BK$39=BK37)*(BM$36:BM$39>BM37)+(BK$36:BK$39=BK37)*(BM$36:BM$39=BM37)*(BN$36:BN$39>BN37)+(BK$36:BK$39=BK37)*(BM$36:BM$39=BM37)*(BN$36:BN$39=BN37)*(BO$36:BO$39>BO37)+(BK$36:BK$39=BK37)*(BM$36:BM$39=BM37)*(BN$36:BN$39=BN37)*(BO$36:BO$39=BO37)*((BI$36:BI$39-BJ$36:BJ$39)>(BI37-BJ37))+(BK$36:BK$39=BK37)*(BM$36:BM$39=BM37)*(BN$36:BN$39=BN37)*(BO$36:BO$39=BO37)*((BI$36:BI$39-BJ$36:BJ$39)=(BI37-BJ37))*(BI$36:BI$39>BI37)+(BK$36:BK$39=BK37)*(BM$36:BM$39=BM37)*(BN$36:BN$39=BN37)*(BO$36:BO$39=BO37)*((BI$36:BI$39-BJ$36:BJ$39)=(BI37-BJ37))*(BI$36:BI$39=BI37)*(ROW(BK$36:BK$39)<ROW(BK37)))*1) | BM37: {=SUMPRODUCT((E$35:E$40=BD37)*ISNUMBER(F$35:F$40)*ISNUMBER(G$35:G$40)*COUNTIFS(BD$36:BD$39,H$35:H$40,BK$36:BK$39,BK37)*((F$35:F$40>G$35:G$40)*3+(F$35:F$40=G$35:G$40)))+SUMPRODUCT((H$35:H$40=BD37)*ISNUMBER(F$35:F$40)*ISNUMBER(G$35:G$40)*COUNTIFS(BD$36:BD$39,E$35:E$40,BK$36:BK$39,BK37)*((G$35:G$40>F$35:F$40)*3+(F$35:F$40=G$35:G$40)))} | BN37: {=SUMPRODUCT((E$35:E$40=BD37)*ISNUMBER(F$35:F$40)*ISNUMBER(G$35:G$40)*COUNTIFS(BD$36:BD$39,H$35:H$40,BK$36:BK$39,BK37)*(F$35:F$40-G$35:G$40))+SUMPRODUCT((H$35:H$40=BD37)*ISNUMBER(F$35:F$40)*ISNUMBER(G$35:G$40)*COUNTIFS(BD$36:BD$39,E$35:E$40,BK$36:BK$39,BK37)*(G$35:G$40-F$35:F$40))} | BO37: {=SUMPRODUCT((E$35:E$40=BD37)*ISNUMBER(F$35:F$40)*ISNUMBER(G$35:G$40)*COUNTIFS(BD$36:BD$39,H$35:H$40,BK$36:BK$39,BK37)*F$35:F$40)+SUMPRODUCT((H$35:H$40=BD37)*ISNUMBER(F$35:F$40)*ISNUMBER(G$35:G$40)*COUNTIFS(BD$36:BD$39,E$35:E$40,BK$36:BK$39,BK37)*G$35:G$40)}
A38: 34 | B38: =TEXT((46194)+(0+4+GmtOffset)/24,"ddd") | C38: =TEXT((46194)+(0+4+GmtOffset)/24,"mmm d, yyyy") | D38: =TEXT((46194)+(0+4+GmtOffset)/24,"h:mm") | E38: Tunisia | H38: Japan | I38: F | K38: =INDEX(BD36:BD39,MATCH(2,BL36:BL39,0)) | L38: =INDEX(BE36:BE39,MATCH(2,BL36:BL39,0)) | M38: =INDEX(BF36:BF39,MATCH(2,BL36:BL39,0)) | N38: =INDEX(BG36:BG39,MATCH(2,BL36:BL39,0)) | O38: =INDEX(BH36:BH39,MATCH(2,BL36:BL39,0)) | P38: =INDEX(BI36:BI39,MATCH(2,BL36:BL39,0))&" - "&INDEX(BJ36:BJ39,MATCH(2,BL36:BL39,0)) | Q38: =INDEX(BK36:BK39,MATCH(2,BL36:BL39,0)) | S38: =IF((COUNTIF($F$5:$G$76,">=0")=144),IFERROR(INDEX($AQ$81:$AQ$92,MATCH($BQ$81,$AN$81:$AN$92,0)),"Best 3rd B/E/F/I/J"),"Best 3rd B/E/F/I/J") | AI38: Champion 2026 | BD38: Sweden | BE38: {=SUMPRODUCT((((E35:E40=BD38)+(H35:H40=BD38))>0)*ISNUMBER(F35:F40)*ISNUMBER(G35:G40))} | BF38: {=SUMPRODUCT((E35:E40=BD38)*ISNUMBER(F35:F40)*ISNUMBER(G35:G40)*(F35:F40>G35:G40))+SUMPRODUCT((H35:H40=BD38)*ISNUMBER(F35:F40)*ISNUMBER(G35:G40)*(G35:G40>F35:F40))} | BG38: {=SUMPRODUCT((((E35:E40=BD38)+(H35:H40=BD38))>0)*ISNUMBER(F35:F40)*ISNUMBER(G35:G40)*(F35:F40=G35:G40))} | BH38: =BE38-BF38-BG38 | BI38: {=SUMPRODUCT((E35:E40=BD38)*IFERROR(F35:F40,0))+SUMPRODUCT((H35:H40=BD38)*IFERROR(G35:G40,0))} | BJ38: {=SUMPRODUCT((E35:E40=BD38)*IFERROR(G35:G40,0))+SUMPRODUCT((H35:H40=BD38)*IFERROR(F35:F40,0))} | BK38: =BF38*3+BG38 | BL38: =1+SUMPRODUCT(((BK$36:BK$39>BK38)+(BK$36:BK$39=BK38)*(BM$36:BM$39>BM38)+(BK$36:BK$39=BK38)*(BM$36:BM$39=BM38)*(BN$36:BN$39>BN38)+(BK$36:BK$39=BK38)*(BM$36:BM$39=BM38)*(BN$36:BN$39=BN38)*(BO$36:BO$39>BO38)+(BK$36:BK$39=BK38)*(BM$36:BM$39=BM38)*(BN$36:BN$39=BN38)*(BO$36:BO$39=BO38)*((BI$36:BI$39-BJ$36:BJ$39)>(BI38-BJ38))+(BK$36:BK$39=BK38)*(BM$36:BM$39=BM38)*(BN$36:BN$39=BN38)*(BO$36:BO$39=BO38)*((BI$36:BI$39-BJ$36:BJ$39)=(BI38-BJ38))*(BI$36:BI$39>BI38)+(BK$36:BK$39=BK38)*(BM$36:BM$39=BM38)*(BN$36:BN$39=BN38)*(BO$36:BO$39=BO38)*((BI$36:BI$39-BJ$36:BJ$39)=(BI38-BJ38))*(BI$36:BI$39=BI38)*(ROW(BK$36:BK$39)<ROW(BK38)))*1) | BM38: {=SUMPRODUCT((E$35:E$40=BD38)*ISNUMBER(F$35:F$40)*ISNUMBER(G$35:G$40)*COUNTIFS(BD$36:BD$39,H$35:H$40,BK$36:BK$39,BK38)*((F$35:F$40>G$35:G$40)*3+(F$35:F$40=G$35:G$40)))+SUMPRODUCT((H$35:H$40=BD38)*ISNUMBER(F$35:F$40)*ISNUMBER(G$35:G$40)*COUNTIFS(BD$36:BD$39,E$35:E$40,BK$36:BK$39,BK38)*((G$35:G$40>F$35:F$40)*3+(F$35:F$40=G$35:G$40)))} | BN38: {=SUMPRODUCT((E$35:E$40=BD38)*ISNUMBER(F$35:F$40)*ISNUMBER(G$35:G$40)*COUNTIFS(BD$36:BD$39,H$35:H$40,BK$36:BK$39,BK38)*(F$35:F$40-G$35:G$40))+SUMPRODUCT((H$35:H$40=BD38)*ISNUMBER(F$35:F$40)*ISNUMBER(G$35:G$40)*COUNTIFS(BD$36:BD$39,E$35:E$40,BK$36:BK$39,BK38)*(G$35:G$40-F$35:F$40))} | BO38: {=SUMPRODUCT((E$35:E$40=BD38)*ISNUMBER(F$35:F$40)*ISNUMBER(G$35:G$40)*COUNTIFS(BD$36:BD$39,H$35:H$40,BK$36:BK$39,BK38)*F$35:F$40)+SUMPRODUCT((H$35:H$40=BD38)*ISNUMBER(F$35:F$40)*ISNUMBER(G$35:G$40)*COUNTIFS(BD$36:BD$39,E$35:E$40,BK$36:BK$39,BK38)*G$35:G$40)}
A39: 35 | B39: =TEXT((46198)+(19+4+GmtOffset)/24,"ddd") | C39: =TEXT((46198)+(19+4+GmtOffset)/24,"mmm d, yyyy") | D39: =TEXT((46198)+(19+4+GmtOffset)/24,"h:mm") | E39: Tunisia | H39: Netherlands | I39: F | K39: =INDEX(BD36:BD39,MATCH(3,BL36:BL39,0)) | L39: =INDEX(BE36:BE39,MATCH(3,BL36:BL39,0)) | M39: =INDEX(BF36:BF39,MATCH(3,BL36:BL39,0)) | N39: =INDEX(BG36:BG39,MATCH(3,BL36:BL39,0)) | O39: =INDEX(BH36:BH39,MATCH(3,BL36:BL39,0)) | P39: =INDEX(BI36:BI39,MATCH(3,BL36:BL39,0))&" - "&INDEX(BJ36:BJ39,MATCH(3,BL36:BL39,0)) | Q39: =INDEX(BK36:BK39,MATCH(3,BL36:BL39,0)) | W39: =IF(AND(ISNUMBER(T45),ISNUMBER(T46)),IF(T45>T46,S45,IF(T46>T45,S46,IF(NOT(AND(ISNUMBER(U45),ISNUMBER(U46))),"",IF(U45>U46,S45,IF(U46>U45,S46,IF(NOT(AND(ISNUMBER(V45),ISNUMBER(V46))),"",IF(V45>V46,S45,IF(V46>V45,S46,"")))))))),"W83") | BD39: Tunisia | BE39: {=SUMPRODUCT((((E35:E40=BD39)+(H35:H40=BD39))>0)*ISNUMBER(F35:F40)*ISNUMBER(G35:G40))} | BF39: {=SUMPRODUCT((E35:E40=BD39)*ISNUMBER(F35:F40)*ISNUMBER(G35:G40)*(F35:F40>G35:G40))+SUMPRODUCT((H35:H40=BD39)*ISNUMBER(F35:F40)*ISNUMBER(G35:G40)*(G35:G40>F35:F40))} | BG39: {=SUMPRODUCT((((E35:E40=BD39)+(H35:H40=BD39))>0)*ISNUMBER(F35:F40)*ISNUMBER(G35:G40)*(F35:F40=G35:G40))} | BH39: =BE39-BF39-BG39 | BI39: {=SUMPRODUCT((E35:E40=BD39)*IFERROR(F35:F40,0))+SUMPRODUCT((H35:H40=BD39)*IFERROR(G35:G40,0))} | BJ39: {=SUMPRODUCT((E35:E40=BD39)*IFERROR(G35:G40,0))+SUMPRODUCT((H35:H40=BD39)*IFERROR(F35:F40,0))} | BK39: =BF39*3+BG39 | BL39: =1+SUMPRODUCT(((BK$36:BK$39>BK39)+(BK$36:BK$39=BK39)*(BM$36:BM$39>BM39)+(BK$36:BK$39=BK39)*(BM$36:BM$39=BM39)*(BN$36:BN$39>BN39)+(BK$36:BK$39=BK39)*(BM$36:BM$39=BM39)*(BN$36:BN$39=BN39)*(BO$36:BO$39>BO39)+(BK$36:BK$39=BK39)*(BM$36:BM$39=BM39)*(BN$36:BN$39=BN39)*(BO$36:BO$39=BO39)*((BI$36:BI$39-BJ$36:BJ$39)>(BI39-BJ39))+(BK$36:BK$39=BK39)*(BM$36:BM$39=BM39)*(BN$36:BN$39=BN39)*(BO$36:BO$39=BO39)*((BI$36:BI$39-BJ$36:BJ$39)=(BI39-BJ39))*(BI$36:BI$39>BI39)+(BK$36:BK$39=BK39)*(BM$36:BM$39=BM39)*(BN$36:BN$39=BN39)*(BO$36:BO$39=BO39)*((BI$36:BI$39-BJ$36:BJ$39)=(BI39-BJ39))*(BI$36:BI$39=BI39)*(ROW(BK$36:BK$39)<ROW(BK39)))*1) | BM39: {=SUMPRODUCT((E$35:E$40=BD39)*ISNUMBER(F$35:F$40)*ISNUMBER(G$35:G$40)*COUNTIFS(BD$36:BD$39,H$35:H$40,BK$36:BK$39,BK39)*((F$35:F$40>G$35:G$40)*3+(F$35:F$40=G$35:G$40)))+SUMPRODUCT((H$35:H$40=BD39)*ISNUMBER(F$35:F$40)*ISNUMBER(G$35:G$40)*COUNTIFS(BD$36:BD$39,E$35:E$40,BK$36:BK$39,BK39)*((G$35:G$40>F$35:F$40)*3+(F$35:F$40=G$35:G$40)))} | BN39: {=SUMPRODUCT((E$35:E$40=BD39)*ISNUMBER(F$35:F$40)*ISNUMBER(G$35:G$40)*COUNTIFS(BD$36:BD$39,H$35:H$40,BK$36:BK$39,BK39)*(F$35:F$40-G$35:G$40))+SUMPRODUCT((H$35:H$40=BD39)*ISNUMBER(F$35:F$40)*ISNUMBER(G$35:G$40)*COUNTIFS(BD$36:BD$39,E$35:E$40,BK$36:BK$39,BK39)*(G$35:G$40-F$35:F$40))} | BO39: {=SUMPRODUCT((E$35:E$40=BD39)*ISNUMBER(F$35:F$40)*ISNUMBER(G$35:G$40)*COUNTIFS(BD$36:BD$39,H$35:H$40,BK$36:BK$39,BK39)*F$35:F$40)+SUMPRODUCT((H$35:H$40=BD39)*ISNUMBER(F$35:F$40)*ISNUMBER(G$35:G$40)*COUNTIFS(BD$36:BD$39,E$35:E$40,BK$36:BK$39,BK39)*G$35:G$40)}
A40: 36 | B40: =TEXT((46198)+(19+4+GmtOffset)/24,"ddd") | C40: =TEXT((46198)+(19+4+GmtOffset)/24,"mmm d, yyyy") | D40: =TEXT((46198)+(19+4+GmtOffset)/24,"h:mm") | E40: Japan | H40: Sweden | I40: F | K40: =INDEX(BD36:BD39,MATCH(4,BL36:BL39,0)) | L40: =INDEX(BE36:BE39,MATCH(4,BL36:BL39,0)) | M40: =INDEX(BF36:BF39,MATCH(4,BL36:BL39,0)) | N40: =INDEX(BG36:BG39,MATCH(4,BL36:BL39,0)) | O40: =INDEX(BH36:BH39,MATCH(4,BL36:BL39,0)) | P40: =INDEX(BI36:BI39,MATCH(4,BL36:BL39,0))&" - "&INDEX(BJ36:BJ39,MATCH(4,BL36:BL39,0)) | Q40: =INDEX(BK36:BK39,MATCH(4,BL36:BL39,0)) | W40: =IF(AND(ISNUMBER(T49),ISNUMBER(T50)),IF(T49>T50,S49,IF(T50>T49,S50,IF(NOT(AND(ISNUMBER(U49),ISNUMBER(U50))),"",IF(U49>U50,S49,IF(U50>U49,S50,IF(NOT(AND(ISNUMBER(V49),ISNUMBER(V50))),"",IF(V49>V50,S49,IF(V50>V49,S50,"")))))))),"W84") | AI40: =IF(AND(ISNUMBER(AJ35),ISNUMBER(AJ36)),IF(AJ35>AJ36,AI35,IF(AJ36>AJ35,AI36,IF(NOT(AND(ISNUMBER(AK35),ISNUMBER(AK36))),"",IF(AK35>AK36,AI35,IF(AK36>AK35,AI36,IF(NOT(AND(ISNUMBER(AL35),ISNUMBER(AL36))),"",IF(AL35>AL36,AI35,IF(AL36>AL35,AI36,"")))))))),"")
A41: 37 | B41: =TEXT((46188)+(15+4+GmtOffset)/24,"ddd") | C41: =TEXT((46188)+(15+4+GmtOffset)/24,"mmm d, yyyy") | D41: =TEXT((46188)+(15+4+GmtOffset)/24,"h:mm") | E41: Belgium | H41: Egypt | I41: G | K41: Group G | S41: =IF((COUNTIF($F$5:$G$76,">=0")=144),IFERROR(INDEX($AO$81:$AO$92,7),"Winner G"),"Winner G") | AI41: =IF(AND(ISNUMBER(AJ43),ISNUMBER(AJ44)),IF(AJ43>AJ44,AI43,IF(AJ44>AJ43,AI44,IF(NOT(AND(ISNUMBER(AK43),ISNUMBER(AK44))),"",IF(AK43>AK44,AI43,IF(AK44>AK43,AI44,IF(NOT(AND(ISNUMBER(AL43),ISNUMBER(AL44))),"",IF(AL43>AL44,AI43,IF(AL44>AL43,AI44,"")))))))),"")
A42: 38 | B42: =TEXT((46188)+(21+4+GmtOffset)/24,"ddd") | C42: =TEXT((46188)+(21+4+GmtOffset)/24,"mmm d, yyyy") | D42: =TEXT((46188)+(21+4+GmtOffset)/24,"h:mm") | E42: Iran | H42: New Zealand | I42: G | L42: PL | M42: W | N42: D | O42: L | P42: GF - GA | Q42: P | S42: =IF((COUNTIF($F$5:$G$76,">=0")=144),IFERROR(INDEX($AQ$81:$AQ$92,MATCH($BR$81,$AN$81:$AN$92,0)),"Best 3rd A/E/H/I/J"),"Best 3rd A/E/H/I/J") | AI42: 3rd Place | BD42: Belgium | BE42: {=SUMPRODUCT((((E41:E46=BD42)+(H41:H46=BD42))>0)*ISNUMBER(F41:F46)*ISNUMBER(G41:G46))} | BF42: {=SUMPRODUCT((E41:E46=BD42)*ISNUMBER(F41:F46)*ISNUMBER(G41:G46)*(F41:F46>G41:G46))+SUMPRODUCT((H41:H46=BD42)*ISNUMBER(F41:F46)*ISNUMBER(G41:G46)*(G41:G46>F41:F46))} | BG42: {=SUMPRODUCT((((E41:E46=BD42)+(H41:H46=BD42))>0)*ISNUMBER(F41:F46)*ISNUMBER(G41:G46)*(F41:F46=G41:G46))} | BH42: =BE42-BF42-BG42 | BI42: {=SUMPRODUCT((E41:E46=BD42)*IFERROR(F41:F46,0))+SUMPRODUCT((H41:H46=BD42)*IFERROR(G41:G46,0))} | BJ42: {=SUMPRODUCT((E41:E46=BD42)*IFERROR(G41:G46,0))+SUMPRODUCT((H41:H46=BD42)*IFERROR(F41:F46,0))} | BK42: =BF42*3+BG42 | BL42: =1+SUMPRODUCT(((BK$42:BK$45>BK42)+(BK$42:BK$45=BK42)*(BM$42:BM$45>BM42)+(BK$42:BK$45=BK42)*(BM$42:BM$45=BM42)*(BN$42:BN$45>BN42)+(BK$42:BK$45=BK42)*(BM$42:BM$45=BM42)*(BN$42:BN$45=BN42)*(BO$42:BO$45>BO42)+(BK$42:BK$45=BK42)*(BM$42:BM$45=BM42)*(BN$42:BN$45=BN42)*(BO$42:BO$45=BO42)*((BI$42:BI$45-BJ$42:BJ$45)>(BI42-BJ42))+(BK$42:BK$45=BK42)*(BM$42:BM$45=BM42)*(BN$42:BN$45=BN42)*(BO$42:BO$45=BO42)*((BI$42:BI$45-BJ$42:BJ$45)=(BI42-BJ42))*(BI$42:BI$45>BI42)+(BK$42:BK$45=BK42)*(BM$42:BM$45=BM42)*(BN$42:BN$45=BN42)*(BO$42:BO$45=BO42)*((BI$42:BI$45-BJ$42:BJ$45)=(BI42-BJ42))*(BI$42:BI$45=BI42)*(ROW(BK$42:BK$45)<ROW(BK42)))*1) | BM42: {=SUMPRODUCT((E$41:E$46=BD42)*ISNUMBER(F$41:F$46)*ISNUMBER(G$41:G$46)*COUNTIFS(BD$42:BD$45,H$41:H$46,BK$42:BK$45,BK42)*((F$41:F$46>G$41:G$46)*3+(F$41:F$46=G$41:G$46)))+SUMPRODUCT((H$41:H$46=BD42)*ISNUMBER(F$41:F$46)*ISNUMBER(G$41:G$46)*COUNTIFS(BD$42:BD$45,E$41:E$46,BK$42:BK$45,BK42)*((G$41:G$46>F$41:F$46)*3+(F$41:F$46=G$41:G$46)))} | BN42: {=SUMPRODUCT((E$41:E$46=BD42)*ISNUMBER(F$41:F$46)*ISNUMBER(G$41:G$46)*COUNTIFS(BD$42:BD$45,H$41:H$46,BK$42:BK$45,BK42)*(F$41:F$46-G$41:G$46))+SUMPRODUCT((H$41:H$46=BD42)*ISNUMBER(F$41:F$46)*ISNUMBER(G$41:G$46)*COUNTIFS(BD$42:BD$45,E$41:E$46,BK$42:BK$45,BK42)*(G$41:G$46-F$41:F$46))} | BO42: {=SUMPRODUCT((E$41:E$46=BD42)*ISNUMBER(F$41:F$46)*ISNUMBER(G$41:G$46)*COUNTIFS(BD$42:BD$45,H$41:H$46,BK$42:BK$45,BK42)*F$41:F$46)+SUMPRODUCT((H$41:H$46=BD42)*ISNUMBER(F$41:F$46)*ISNUMBER(G$41:G$46)*COUNTIFS(BD$42:BD$45,E$41:E$46,BK$42:BK$45,BK42)*G$41:G$46)}
A43: 39 | B43: =TEXT((46194)+(15+4+GmtOffset)/24,"ddd") | C43: =TEXT((46194)+(15+4+GmtOffset)/24,"mmm d, yyyy") | D43: =TEXT((46194)+(15+4+GmtOffset)/24,"h:mm") | E43: Belgium | H43: Iran | I43: G | K43: =INDEX(BD42:BD45,MATCH(1,BL42:BL45,0)) | L43: =INDEX(BE42:BE45,MATCH(1,BL42:BL45,0)) | M43: =INDEX(BF42:BF45,MATCH(1,BL42:BL45,0)) | N43: =INDEX(BG42:BG45,MATCH(1,BL42:BL45,0)) | O43: =INDEX(BH42:BH45,MATCH(1,BL42:BL45,0)) | P43: =INDEX(BI42:BI45,MATCH(1,BL42:BL45,0))&" - "&INDEX(BJ42:BJ45,MATCH(1,BL42:BL45,0)) | Q43: =INDEX(BK42:BK45,MATCH(1,BL42:BL45,0)) | AA43: =IF(AND(ISNUMBER(X23),ISNUMBER(X24)),IF(X23>X24,W23,IF(X24>X23,W24,IF(NOT(AND(ISNUMBER(Y23),ISNUMBER(Y24))),"",IF(Y23>Y24,W23,IF(Y24>Y23,W24,IF(NOT(AND(ISNUMBER(Z23),ISNUMBER(Z24))),"",IF(Z23>Z24,W23,IF(Z24>Z23,W24,"")))))))),"W91") | AI43: =IF(AND(ISNUMBER(AF19),ISNUMBER(AF20)),IF(AF19<AF20,AE19,IF(AF20<AF19,AE20,IF(NOT(AND(ISNUMBER(AG19),ISNUMBER(AG20))),"",IF(AG19<AG20,AE19,IF(AG20<AG19,AE20,IF(NOT(AND(ISNUMBER(AH19),ISNUMBER(AH20))),"",IF(AH19<AH20,AE19,IF(AH20<AH19,AE20,"")))))))),"L101") | BD43: Egypt | BE43: {=SUMPRODUCT((((E41:E46=BD43)+(H41:H46=BD43))>0)*ISNUMBER(F41:F46)*ISNUMBER(G41:G46))} | BF43: {=SUMPRODUCT((E41:E46=BD43)*ISNUMBER(F41:F46)*ISNUMBER(G41:G46)*(F41:F46>G41:G46))+SUMPRODUCT((H41:H46=BD43)*ISNUMBER(F41:F46)*ISNUMBER(G41:G46)*(G41:G46>F41:F46))} | BG43: {=SUMPRODUCT((((E41:E46=BD43)+(H41:H46=BD43))>0)*ISNUMBER(F41:F46)*ISNUMBER(G41:G46)*(F41:F46=G41:G46))} | BH43: =BE43-BF43-BG43 | BI43: {=SUMPRODUCT((E41:E46=BD43)*IFERROR(F41:F46,0))+SUMPRODUCT((H41:H46=BD43)*IFERROR(G41:G46,0))} | BJ43: {=SUMPRODUCT((E41:E46=BD43)*IFERROR(G41:G46,0))+SUMPRODUCT((H41:H46=BD43)*IFERROR(F41:F46,0))} | BK43: =BF43*3+BG43 | BL43: =1+SUMPRODUCT(((BK$42:BK$45>BK43)+(BK$42:BK$45=BK43)*(BM$42:BM$45>BM43)+(BK$42:BK$45=BK43)*(BM$42:BM$45=BM43)*(BN$42:BN$45>BN43)+(BK$42:BK$45=BK43)*(BM$42:BM$45=BM43)*(BN$42:BN$45=BN43)*(BO$42:BO$45>BO43)+(BK$42:BK$45=BK43)*(BM$42:BM$45=BM43)*(BN$42:BN$45=BN43)*(BO$42:BO$45=BO43)*((BI$42:BI$45-BJ$42:BJ$45)>(BI43-BJ43))+(BK$42:BK$45=BK43)*(BM$42:BM$45=BM43)*(BN$42:BN$45=BN43)*(BO$42:BO$45=BO43)*((BI$42:BI$45-BJ$42:BJ$45)=(BI43-BJ43))*(BI$42:BI$45>BI43)+(BK$42:BK$45=BK43)*(BM$42:BM$45=BM43)*(BN$42:BN$45=BN43)*(BO$42:BO$45=BO43)*((BI$42:BI$45-BJ$42:BJ$45)=(BI43-BJ43))*(BI$42:BI$45=BI43)*(ROW(BK$42:BK$45)<ROW(BK43)))*1) | BM43: {=SUMPRODUCT((E$41:E$46=BD43)*ISNUMBER(F$41:F$46)*ISNUMBER(G$41:G$46)*COUNTIFS(BD$42:BD$45,H$41:H$46,BK$42:BK$45,BK43)*((F$41:F$46>G$41:G$46)*3+(F$41:F$46=G$41:G$46)))+SUMPRODUCT((H$41:H$46=BD43)*ISNUMBER(F$41:F$46)*ISNUMBER(G$41:G$46)*COUNTIFS(BD$42:BD$45,E$41:E$46,BK$42:BK$45,BK43)*((G$41:G$46>F$41:F$46)*3+(F$41:F$46=G$41:G$46)))} | BN43: {=SUMPRODUCT((E$41:E$46=BD43)*ISNUMBER(F$41:F$46)*ISNUMBER(G$41:G$46)*COUNTIFS(BD$42:BD$45,H$41:H$46,BK$42:BK$45,BK43)*(F$41:F$46-G$41:G$46))+SUMPRODUCT((H$41:H$46=BD43)*ISNUMBER(F$41:F$46)*ISNUMBER(G$41:G$46)*COUNTIFS(BD$42:BD$45,E$41:E$46,BK$42:BK$45,BK43)*(G$41:G$46-F$41:F$46))} | BO43: {=SUMPRODUCT((E$41:E$46=BD43)*ISNUMBER(F$41:F$46)*ISNUMBER(G$41:G$46)*COUNTIFS(BD$42:BD$45,H$41:H$46,BK$42:BK$45,BK43)*F$41:F$46)+SUMPRODUCT((H$41:H$46=BD43)*ISNUMBER(F$41:F$46)*ISNUMBER(G$41:G$46)*COUNTIFS(BD$42:BD$45,E$41:E$46,BK$42:BK$45,BK43)*G$41:G$46)}
A44: 40 | B44: =TEXT((46194)+(21+4+GmtOffset)/24,"ddd") | C44: =TEXT((46194)+(21+4+GmtOffset)/24,"mmm d, yyyy") | D44: =TEXT((46194)+(21+4+GmtOffset)/24,"h:mm") | E44: New Zealand | H44: Egypt | I44: G | K44: =INDEX(BD42:BD45,MATCH(2,BL42:BL45,0)) | L44: =INDEX(BE42:BE45,MATCH(2,BL42:BL45,0)) | M44: =INDEX(BF42:BF45,MATCH(2,BL42:BL45,0)) | N44: =INDEX(BG42:BG45,MATCH(2,BL42:BL45,0)) | O44: =INDEX(BH42:BH45,MATCH(2,BL42:BL45,0)) | P44: =INDEX(BI42:BI45,MATCH(2,BL42:BL45,0))&" - "&INDEX(BJ42:BJ45,MATCH(2,BL42:BL45,0)) | Q44: =INDEX(BK42:BK45,MATCH(2,BL42:BL45,0)) | AA44: =IF(AND(ISNUMBER(X31),ISNUMBER(X32)),IF(X31>X32,W31,IF(X32>X31,W32,IF(NOT(AND(ISNUMBER(Y31),ISNUMBER(Y32))),"",IF(Y31>Y32,W31,IF(Y32>Y31,W32,IF(NOT(AND(ISNUMBER(Z31),ISNUMBER(Z32))),"",IF(Z31>Z32,W31,IF(Z32>Z31,W32,"")))))))),"W92") | AI44: =IF(AND(ISNUMBER(AF51),ISNUMBER(AF52)),IF(AF51<AF52,AE51,IF(AF52<AF51,AE52,IF(NOT(AND(ISNUMBER(AG51),ISNUMBER(AG52))),"",IF(AG51<AG52,AE51,IF(AG52<AG51,AE52,IF(NOT(AND(ISNUMBER(AH51),ISNUMBER(AH52))),"",IF(AH51<AH52,AE51,IF(AH52<AH51,AE52,"")))))))),"L102") | BD44: Iran | BE44: {=SUMPRODUCT((((E41:E46=BD44)+(H41:H46=BD44))>0)*ISNUMBER(F41:F46)*ISNUMBER(G41:G46))} | BF44: {=SUMPRODUCT((E41:E46=BD44)*ISNUMBER(F41:F46)*ISNUMBER(G41:G46)*(F41:F46>G41:G46))+SUMPRODUCT((H41:H46=BD44)*ISNUMBER(F41:F46)*ISNUMBER(G41:G46)*(G41:G46>F41:F46))} | BG44: {=SUMPRODUCT((((E41:E46=BD44)+(H41:H46=BD44))>0)*ISNUMBER(F41:F46)*ISNUMBER(G41:G46)*(F41:F46=G41:G46))} | BH44: =BE44-BF44-BG44 | BI44: {=SUMPRODUCT((E41:E46=BD44)*IFERROR(F41:F46,0))+SUMPRODUCT((H41:H46=BD44)*IFERROR(G41:G46,0))} | BJ44: {=SUMPRODUCT((E41:E46=BD44)*IFERROR(G41:G46,0))+SUMPRODUCT((H41:H46=BD44)*IFERROR(F41:F46,0))} | BK44: =BF44*3+BG44 | BL44: =1+SUMPRODUCT(((BK$42:BK$45>BK44)+(BK$42:BK$45=BK44)*(BM$42:BM$45>BM44)+(BK$42:BK$45=BK44)*(BM$42:BM$45=BM44)*(BN$42:BN$45>BN44)+(BK$42:BK$45=BK44)*(BM$42:BM$45=BM44)*(BN$42:BN$45=BN44)*(BO$42:BO$45>BO44)+(BK$42:BK$45=BK44)*(BM$42:BM$45=BM44)*(BN$42:BN$45=BN44)*(BO$42:BO$45=BO44)*((BI$42:BI$45-BJ$42:BJ$45)>(BI44-BJ44))+(BK$42:BK$45=BK44)*(BM$42:BM$45=BM44)*(BN$42:BN$45=BN44)*(BO$42:BO$45=BO44)*((BI$42:BI$45-BJ$42:BJ$45)=(BI44-BJ44))*(BI$42:BI$45>BI44)+(BK$42:BK$45=BK44)*(BM$42:BM$45=BM44)*(BN$42:BN$45=BN44)*(BO$42:BO$45=BO44)*((BI$42:BI$45-BJ$42:BJ$45)=(BI44-BJ44))*(BI$42:BI$45=BI44)*(ROW(BK$42:BK$45)<ROW(BK44)))*1) | BM44: {=SUMPRODUCT((E$41:E$46=BD44)*ISNUMBER(F$41:F$46)*ISNUMBER(G$41:G$46)*COUNTIFS(BD$42:BD$45,H$41:H$46,BK$42:BK$45,BK44)*((F$41:F$46>G$41:G$46)*3+(F$41:F$46=G$41:G$46)))+SUMPRODUCT((H$41:H$46=BD44)*ISNUMBER(F$41:F$46)*ISNUMBER(G$41:G$46)*COUNTIFS(BD$42:BD$45,E$41:E$46,BK$42:BK$45,BK44)*((G$41:G$46>F$41:F$46)*3+(F$41:F$46=G$41:G$46)))} | BN44: {=SUMPRODUCT((E$41:E$46=BD44)*ISNUMBER(F$41:F$46)*ISNUMBER(G$41:G$46)*COUNTIFS(BD$42:BD$45,H$41:H$46,BK$42:BK$45,BK44)*(F$41:F$46-G$41:G$46))+SUMPRODUCT((H$41:H$46=BD44)*ISNUMBER(F$41:F$46)*ISNUMBER(G$41:G$46)*COUNTIFS(BD$42:BD$45,E$41:E$46,BK$42:BK$45,BK44)*(G$41:G$46-F$41:F$46))} | BO44: {=SUMPRODUCT((E$41:E$46=BD44)*ISNUMBER(F$41:F$46)*ISNUMBER(G$41:G$46)*COUNTIFS(BD$42:BD$45,H$41:H$46,BK$42:BK$45,BK44)*F$41:F$46)+SUMPRODUCT((H$41:H$46=BD44)*ISNUMBER(F$41:F$46)*ISNUMBER(G$41:G$46)*COUNTIFS(BD$42:BD$45,E$41:E$46,BK$42:BK$45,BK44)*G$41:G$46)}
A45: 41 | B45: =TEXT((46199)+(23+4+GmtOffset)/24,"ddd") | C45: =TEXT((46199)+(23+4+GmtOffset)/24,"mmm d, yyyy") | D45: =TEXT((46199)+(23+4+GmtOffset)/24,"h:mm") | E45: New Zealand | H45: Belgium | I45: G | K45: =INDEX(BD42:BD45,MATCH(3,BL42:BL45,0)) | L45: =INDEX(BE42:BE45,MATCH(3,BL42:BL45,0)) | M45: =INDEX(BF42:BF45,MATCH(3,BL42:BL45,0)) | N45: =INDEX(BG42:BG45,MATCH(3,BL42:BL45,0)) | O45: =INDEX(BH42:BH45,MATCH(3,BL42:BL45,0)) | P45: =INDEX(BI42:BI45,MATCH(3,BL42:BL45,0))&" - "&INDEX(BJ42:BJ45,MATCH(3,BL42:BL45,0)) | Q45: =INDEX(BK42:BK45,MATCH(3,BL42:BL45,0)) | S45: =IF((COUNTIF($F$5:$G$76,">=0")=144),IFERROR(INDEX($AP$81:$AP$92,11),"Runner-up K"),"Runner-up K") | BD45: New Zealand | BE45: {=SUMPRODUCT((((E41:E46=BD45)+(H41:H46=BD45))>0)*ISNUMBER(F41:F46)*ISNUMBER(G41:G46))} | BF45: {=SUMPRODUCT((E41:E46=BD45)*ISNUMBER(F41:F46)*ISNUMBER(G41:G46)*(F41:F46>G41:G46))+SUMPRODUCT((H41:H46=BD45)*ISNUMBER(F41:F46)*ISNUMBER(G41:G46)*(G41:G46>F41:F46))} | BG45: {=SUMPRODUCT((((E41:E46=BD45)+(H41:H46=BD45))>0)*ISNUMBER(F41:F46)*ISNUMBER(G41:G46)*(F41:F46=G41:G46))} | BH45: =BE45-BF45-BG45 | BI45: {=SUMPRODUCT((E41:E46=BD45)*IFERROR(F41:F46,0))+SUMPRODUCT((H41:H46=BD45)*IFERROR(G41:G46,0))} | BJ45: {=SUMPRODUCT((E41:E46=BD45)*IFERROR(G41:G46,0))+SUMPRODUCT((H41:H46=BD45)*IFERROR(F41:F46,0))} | BK45: =BF45*3+BG45 | BL45: =1+SUMPRODUCT(((BK$42:BK$45>BK45)+(BK$42:BK$45=BK45)*(BM$42:BM$45>BM45)+(BK$42:BK$45=BK45)*(BM$42:BM$45=BM45)*(BN$42:BN$45>BN45)+(BK$42:BK$45=BK45)*(BM$42:BM$45=BM45)*(BN$42:BN$45=BN45)*(BO$42:BO$45>BO45)+(BK$42:BK$45=BK45)*(BM$42:BM$45=BM45)*(BN$42:BN$45=BN45)*(BO$42:BO$45=BO45)*((BI$42:BI$45-BJ$42:BJ$45)>(BI45-BJ45))+(BK$42:BK$45=BK45)*(BM$42:BM$45=BM45)*(BN$42:BN$45=BN45)*(BO$42:BO$45=BO45)*((BI$42:BI$45-BJ$42:BJ$45)=(BI45-BJ45))*(BI$42:BI$45>BI45)+(BK$42:BK$45=BK45)*(BM$42:BM$45=BM45)*(BN$42:BN$45=BN45)*(BO$42:BO$45=BO45)*((BI$42:BI$45-BJ$42:BJ$45)=(BI45-BJ45))*(BI$42:BI$45=BI45)*(ROW(BK$42:BK$45)<ROW(BK45)))*1) | BM45: {=SUMPRODUCT((E$41:E$46=BD45)*ISNUMBER(F$41:F$46)*ISNUMBER(G$41:G$46)*COUNTIFS(BD$42:BD$45,H$41:H$46,BK$42:BK$45,BK45)*((F$41:F$46>G$41:G$46)*3+(F$41:F$46=G$41:G$46)))+SUMPRODUCT((H$41:H$46=BD45)*ISNUMBER(F$41:F$46)*ISNUMBER(G$41:G$46)*COUNTIFS(BD$42:BD$45,E$41:E$46,BK$42:BK$45,BK45)*((G$41:G$46>F$41:F$46)*3+(F$41:F$46=G$41:G$46)))} | BN45: {=SUMPRODUCT((E$41:E$46=BD45)*ISNUMBER(F$41:F$46)*ISNUMBER(G$41:G$46)*COUNTIFS(BD$42:BD$45,H$41:H$46,BK$42:BK$45,BK45)*(F$41:F$46-G$41:G$46))+SUMPRODUCT((H$41:H$46=BD45)*ISNUMBER(F$41:F$46)*ISNUMBER(G$41:G$46)*COUNTIFS(BD$42:BD$45,E$41:E$46,BK$42:BK$45,BK45)*(G$41:G$46-F$41:F$46))} | BO45: {=SUMPRODUCT((E$41:E$46=BD45)*ISNUMBER(F$41:F$46)*ISNUMBER(G$41:G$46)*COUNTIFS(BD$42:BD$45,H$41:H$46,BK$42:BK$45,BK45)*F$41:F$46)+SUMPRODUCT((H$41:H$46=BD45)*ISNUMBER(F$41:F$46)*ISNUMBER(G$41:G$46)*COUNTIFS(BD$42:BD$45,E$41:E$46,BK$42:BK$45,BK45)*G$41:G$46)}
A46: 42 | B46: =TEXT((46199)+(23+4+GmtOffset)/24,"ddd") | C46: =TEXT((46199)+(23+4+GmtOffset)/24,"mmm d, yyyy") | D46: =TEXT((46199)+(23+4+GmtOffset)/24,"h:mm") | E46: Egypt | H46: Iran | I46: G | K46: =INDEX(BD42:BD45,MATCH(4,BL42:BL45,0)) | L46: =INDEX(BE42:BE45,MATCH(4,BL42:BL45,0)) | M46: =INDEX(BF42:BF45,MATCH(4,BL42:BL45,0)) | N46: =INDEX(BG42:BG45,MATCH(4,BL42:BL45,0)) | O46: =INDEX(BH42:BH45,MATCH(4,BL42:BL45,0)) | P46: =INDEX(BI42:BI45,MATCH(4,BL42:BL45,0))&" - "&INDEX(BJ42:BJ45,MATCH(4,BL42:BL45,0)) | Q46: =INDEX(BK42:BK45,MATCH(4,BL42:BL45,0)) | S46: =IF((COUNTIF($F$5:$G$76,">=0")=144),IFERROR(INDEX($AP$81:$AP$92,12),"Runner-up L"),"Runner-up L")
A47: 43 | B47: =TEXT((46188)+(12+4+GmtOffset)/24,"ddd") | C47: =TEXT((46188)+(12+4+GmtOffset)/24,"mmm d, yyyy") | D47: =TEXT((46188)+(12+4+GmtOffset)/24,"h:mm") | E47: Spain | H47: Cape Verde | I47: H | K47: Group H | W47: =IF(AND(ISNUMBER(T37),ISNUMBER(T38)),IF(T37>T38,S37,IF(T38>T37,S38,IF(NOT(AND(ISNUMBER(U37),ISNUMBER(U38))),"",IF(U37>U38,S37,IF(U38>U37,S38,IF(NOT(AND(ISNUMBER(V37),ISNUMBER(V38))),"",IF(V37>V38,S37,IF(V38>V37,S38,"")))))))),"W81")
A48: 44 | B48: =TEXT((46188)+(18+4+GmtOffset)/24,"ddd") | C48: =TEXT((46188)+(18+4+GmtOffset)/24,"mmm d, yyyy") | D48: =TEXT((46188)+(18+4+GmtOffset)/24,"h:mm") | E48: Saudi Arabia | H48: Uruguay | I48: H | L48: PL | M48: W | N48: D | O48: L | P48: GF - GA | Q48: P | W48: =IF(AND(ISNUMBER(T41),ISNUMBER(T42)),IF(T41>T42,S41,IF(T42>T41,S42,IF(NOT(AND(ISNUMBER(U41),ISNUMBER(U42))),"",IF(U41>U42,S41,IF(U42>U41,S42,IF(NOT(AND(ISNUMBER(V41),ISNUMBER(V42))),"",IF(V41>V42,S41,IF(V42>V41,S42,"")))))))),"W82") | BD48: Spain | BE48: {=SUMPRODUCT((((E47:E52=BD48)+(H47:H52=BD48))>0)*ISNUMBER(F47:F52)*ISNUMBER(G47:G52))} | BF48: {=SUMPRODUCT((E47:E52=BD48)*ISNUMBER(F47:F52)*ISNUMBER(G47:G52)*(F47:F52>G47:G52))+SUMPRODUCT((H47:H52=BD48)*ISNUMBER(F47:F52)*ISNUMBER(G47:G52)*(G47:G52>F47:F52))} | BG48: {=SUMPRODUCT((((E47:E52=BD48)+(H47:H52=BD48))>0)*ISNUMBER(F47:F52)*ISNUMBER(G47:G52)*(F47:F52=G47:G52))} | BH48: =BE48-BF48-BG48 | BI48: {=SUMPRODUCT((E47:E52=BD48)*IFERROR(F47:F52,0))+SUMPRODUCT((H47:H52=BD48)*IFERROR(G47:G52,0))} | BJ48: {=SUMPRODUCT((E47:E52=BD48)*IFERROR(G47:G52,0))+SUMPRODUCT((H47:H52=BD48)*IFERROR(F47:F52,0))} | BK48: =BF48*3+BG48 | BL48: =1+SUMPRODUCT(((BK$48:BK$51>BK48)+(BK$48:BK$51=BK48)*(BM$48:BM$51>BM48)+(BK$48:BK$51=BK48)*(BM$48:BM$51=BM48)*(BN$48:BN$51>BN48)+(BK$48:BK$51=BK48)*(BM$48:BM$51=BM48)*(BN$48:BN$51=BN48)*(BO$48:BO$51>BO48)+(BK$48:BK$51=BK48)*(BM$48:BM$51=BM48)*(BN$48:BN$51=BN48)*(BO$48:BO$51=BO48)*((BI$48:BI$51-BJ$48:BJ$51)>(BI48-BJ48))+(BK$48:BK$51=BK48)*(BM$48:BM$51=BM48)*(BN$48:BN$51=BN48)*(BO$48:BO$51=BO48)*((BI$48:BI$51-BJ$48:BJ$51)=(BI48-BJ48))*(BI$48:BI$51>BI48)+(BK$48:BK$51=BK48)*(BM$48:BM$51=BM48)*(BN$48:BN$51=BN48)*(BO$48:BO$51=BO48)*((BI$48:BI$51-BJ$48:BJ$51)=(BI48-BJ48))*(BI$48:BI$51=BI48)*(ROW(BK$48:BK$51)<ROW(BK48)))*1) | BM48: {=SUMPRODUCT((E$47:E$52=BD48)*ISNUMBER(F$47:F$52)*ISNUMBER(G$47:G$52)*COUNTIFS(BD$48:BD$51,H$47:H$52,BK$48:BK$51,BK48)*((F$47:F$52>G$47:G$52)*3+(F$47:F$52=G$47:G$52)))+SUMPRODUCT((H$47:H$52=BD48)*ISNUMBER(F$47:F$52)*ISNUMBER(G$47:G$52)*COUNTIFS(BD$48:BD$51,E$47:E$52,BK$48:BK$51,BK48)*((G$47:G$52>F$47:F$52)*3+(F$47:F$52=G$47:G$52)))} | BN48: {=SUMPRODUCT((E$47:E$52=BD48)*ISNUMBER(F$47:F$52)*ISNUMBER(G$47:G$52)*COUNTIFS(BD$48:BD$51,H$47:H$52,BK$48:BK$51,BK48)*(F$47:F$52-G$47:G$52))+SUMPRODUCT((H$47:H$52=BD48)*ISNUMBER(F$47:F$52)*ISNUMBER(G$47:G$52)*COUNTIFS(BD$48:BD$51,E$47:E$52,BK$48:BK$51,BK48)*(G$47:G$52-F$47:F$52))} | BO48: {=SUMPRODUCT((E$47:E$52=BD48)*ISNUMBER(F$47:F$52)*ISNUMBER(G$47:G$52)*COUNTIFS(BD$48:BD$51,H$47:H$52,BK$48:BK$51,BK48)*F$47:F$52)+SUMPRODUCT((H$47:H$52=BD48)*ISNUMBER(F$47:F$52)*ISNUMBER(G$47:G$52)*COUNTIFS(BD$48:BD$51,E$47:E$52,BK$48:BK$51,BK48)*G$47:G$52)}
A49: 45 | B49: =TEXT((46194)+(12+4+GmtOffset)/24,"ddd") | C49: =TEXT((46194)+(12+4+GmtOffset)/24,"mmm d, yyyy") | D49: =TEXT((46194)+(12+4+GmtOffset)/24,"h:mm") | E49: Spain | H49: Saudi Arabia | I49: H | K49: =INDEX(BD48:BD51,MATCH(1,BL48:BL51,0)) | L49: =INDEX(BE48:BE51,MATCH(1,BL48:BL51,0)) | M49: =INDEX(BF48:BF51,MATCH(1,BL48:BL51,0)) | N49: =INDEX(BG48:BG51,MATCH(1,BL48:BL51,0)) | O49: =INDEX(BH48:BH51,MATCH(1,BL48:BL51,0)) | P49: =INDEX(BI48:BI51,MATCH(1,BL48:BL51,0))&" - "&INDEX(BJ48:BJ51,MATCH(1,BL48:BL51,0)) | Q49: =INDEX(BK48:BK51,MATCH(1,BL48:BL51,0)) | S49: =IF((COUNTIF($F$5:$G$76,">=0")=144),IFERROR(INDEX($AO$81:$AO$92,8),"Winner H"),"Winner H") | BD49: Cape Verde | BE49: {=SUMPRODUCT((((E47:E52=BD49)+(H47:H52=BD49))>0)*ISNUMBER(F47:F52)*ISNUMBER(G47:G52))} | BF49: {=SUMPRODUCT((E47:E52=BD49)*ISNUMBER(F47:F52)*ISNUMBER(G47:G52)*(F47:F52>G47:G52))+SUMPRODUCT((H47:H52=BD49)*ISNUMBER(F47:F52)*ISNUMBER(G47:G52)*(G47:G52>F47:F52))} | BG49: {=SUMPRODUCT((((E47:E52=BD49)+(H47:H52=BD49))>0)*ISNUMBER(F47:F52)*ISNUMBER(G47:G52)*(F47:F52=G47:G52))} | BH49: =BE49-BF49-BG49 | BI49: {=SUMPRODUCT((E47:E52=BD49)*IFERROR(F47:F52,0))+SUMPRODUCT((H47:H52=BD49)*IFERROR(G47:G52,0))} | BJ49: {=SUMPRODUCT((E47:E52=BD49)*IFERROR(G47:G52,0))+SUMPRODUCT((H47:H52=BD49)*IFERROR(F47:F52,0))} | BK49: =BF49*3+BG49 | BL49: =1+SUMPRODUCT(((BK$48:BK$51>BK49)+(BK$48:BK$51=BK49)*(BM$48:BM$51>BM49)+(BK$48:BK$51=BK49)*(BM$48:BM$51=BM49)*(BN$48:BN$51>BN49)+(BK$48:BK$51=BK49)*(BM$48:BM$51=BM49)*(BN$48:BN$51=BN49)*(BO$48:BO$51>BO49)+(BK$48:BK$51=BK49)*(BM$48:BM$51=BM49)*(BN$48:BN$51=BN49)*(BO$48:BO$51=BO49)*((BI$48:BI$51-BJ$48:BJ$51)>(BI49-BJ49))+(BK$48:BK$51=BK49)*(BM$48:BM$51=BM49)*(BN$48:BN$51=BN49)*(BO$48:BO$51=BO49)*((BI$48:BI$51-BJ$48:BJ$51)=(BI49-BJ49))*(BI$48:BI$51>BI49)+(BK$48:BK$51=BK49)*(BM$48:BM$51=BM49)*(BN$48:BN$51=BN49)*(BO$48:BO$51=BO49)*((BI$48:BI$51-BJ$48:BJ$51)=(BI49-BJ49))*(BI$48:BI$51=BI49)*(ROW(BK$48:BK$51)<ROW(BK49)))*1) | BM49: {=SUMPRODUCT((E$47:E$52=BD49)*ISNUMBER(F$47:F$52)*ISNUMBER(G$47:G$52)*COUNTIFS(BD$48:BD$51,H$47:H$52,BK$48:BK$51,BK49)*((F$47:F$52>G$47:G$52)*3+(F$47:F$52=G$47:G$52)))+SUMPRODUCT((H$47:H$52=BD49)*ISNUMBER(F$47:F$52)*ISNUMBER(G$47:G$52)*COUNTIFS(BD$48:BD$51,E$47:E$52,BK$48:BK$51,BK49)*((G$47:G$52>F$47:F$52)*3+(F$47:F$52=G$47:G$52)))} | BN49: {=SUMPRODUCT((E$47:E$52=BD49)*ISNUMBER(F$47:F$52)*ISNUMBER(G$47:G$52)*COUNTIFS(BD$48:BD$51,H$47:H$52,BK$48:BK$51,BK49)*(F$47:F$52-G$47:G$52))+SUMPRODUCT((H$47:H$52=BD49)*ISNUMBER(F$47:F$52)*ISNUMBER(G$47:G$52)*COUNTIFS(BD$48:BD$51,E$47:E$52,BK$48:BK$51,BK49)*(G$47:G$52-F$47:F$52))} | BO49: {=SUMPRODUCT((E$47:E$52=BD49)*ISNUMBER(F$47:F$52)*ISNUMBER(G$47:G$52)*COUNTIFS(BD$48:BD$51,H$47:H$52,BK$48:BK$51,BK49)*F$47:F$52)+SUMPRODUCT((H$47:H$52=BD49)*ISNUMBER(F$47:F$52)*ISNUMBER(G$47:G$52)*COUNTIFS(BD$48:BD$51,E$47:E$52,BK$48:BK$51,BK49)*G$47:G$52)}
A50: 46 | B50: =TEXT((46194)+(18+4+GmtOffset)/24,"ddd") | C50: =TEXT((46194)+(18+4+GmtOffset)/24,"mmm d, yyyy") | D50: =TEXT((46194)+(18+4+GmtOffset)/24,"h:mm") | E50: Uruguay | H50: Cape Verde | I50: H | K50: =INDEX(BD48:BD51,MATCH(2,BL48:BL51,0)) | L50: =INDEX(BE48:BE51,MATCH(2,BL48:BL51,0)) | M50: =INDEX(BF48:BF51,MATCH(2,BL48:BL51,0)) | N50: =INDEX(BG48:BG51,MATCH(2,BL48:BL51,0)) | O50: =INDEX(BH48:BH51,MATCH(2,BL48:BL51,0)) | P50: =INDEX(BI48:BI51,MATCH(2,BL48:BL51,0))&" - "&INDEX(BJ48:BJ51,MATCH(2,BL48:BL51,0)) | Q50: =INDEX(BK48:BK51,MATCH(2,BL48:BL51,0)) | S50: =IF((COUNTIF($F$5:$G$76,">=0")=144),IFERROR(INDEX($AP$81:$AP$92,10),"Runner-up J"),"Runner-up J") | BD50: Saudi Arabia | BE50: {=SUMPRODUCT((((E47:E52=BD50)+(H47:H52=BD50))>0)*ISNUMBER(F47:F52)*ISNUMBER(G47:G52))} | BF50: {=SUMPRODUCT((E47:E52=BD50)*ISNUMBER(F47:F52)*ISNUMBER(G47:G52)*(F47:F52>G47:G52))+SUMPRODUCT((H47:H52=BD50)*ISNUMBER(F47:F52)*ISNUMBER(G47:G52)*(G47:G52>F47:F52))} | BG50: {=SUMPRODUCT((((E47:E52=BD50)+(H47:H52=BD50))>0)*ISNUMBER(F47:F52)*ISNUMBER(G47:G52)*(F47:F52=G47:G52))} | BH50: =BE50-BF50-BG50 | BI50: {=SUMPRODUCT((E47:E52=BD50)*IFERROR(F47:F52,0))+SUMPRODUCT((H47:H52=BD50)*IFERROR(G47:G52,0))} | BJ50: {=SUMPRODUCT((E47:E52=BD50)*IFERROR(G47:G52,0))+SUMPRODUCT((H47:H52=BD50)*IFERROR(F47:F52,0))} | BK50: =BF50*3+BG50 | BL50: =1+SUMPRODUCT(((BK$48:BK$51>BK50)+(BK$48:BK$51=BK50)*(BM$48:BM$51>BM50)+(BK$48:BK$51=BK50)*(BM$48:BM$51=BM50)*(BN$48:BN$51>BN50)+(BK$48:BK$51=BK50)*(BM$48:BM$51=BM50)*(BN$48:BN$51=BN50)*(BO$48:BO$51>BO50)+(BK$48:BK$51=BK50)*(BM$48:BM$51=BM50)*(BN$48:BN$51=BN50)*(BO$48:BO$51=BO50)*((BI$48:BI$51-BJ$48:BJ$51)>(BI50-BJ50))+(BK$48:BK$51=BK50)*(BM$48:BM$51=BM50)*(BN$48:BN$51=BN50)*(BO$48:BO$51=BO50)*((BI$48:BI$51-BJ$48:BJ$51)=(BI50-BJ50))*(BI$48:BI$51>BI50)+(BK$48:BK$51=BK50)*(BM$48:BM$51=BM50)*(BN$48:BN$51=BN50)*(BO$48:BO$51=BO50)*((BI$48:BI$51-BJ$48:BJ$51)=(BI50-BJ50))*(BI$48:BI$51=BI50)*(ROW(BK$48:BK$51)<ROW(BK50)))*1) | BM50: {=SUMPRODUCT((E$47:E$52=BD50)*ISNUMBER(F$47:F$52)*ISNUMBER(G$47:G$52)*COUNTIFS(BD$48:BD$51,H$47:H$52,BK$48:BK$51,BK50)*((F$47:F$52>G$47:G$52)*3+(F$47:F$52=G$47:G$52)))+SUMPRODUCT((H$47:H$52=BD50)*ISNUMBER(F$47:F$52)*ISNUMBER(G$47:G$52)*COUNTIFS(BD$48:BD$51,E$47:E$52,BK$48:BK$51,BK50)*((G$47:G$52>F$47:F$52)*3+(F$47:F$52=G$47:G$52)))} | BN50: {=SUMPRODUCT((E$47:E$52=BD50)*ISNUMBER(F$47:F$52)*ISNUMBER(G$47:G$52)*COUNTIFS(BD$48:BD$51,H$47:H$52,BK$48:BK$51,BK50)*(F$47:F$52-G$47:G$52))+SUMPRODUCT((H$47:H$52=BD50)*ISNUMBER(F$47:F$52)*ISNUMBER(G$47:G$52)*COUNTIFS(BD$48:BD$51,E$47:E$52,BK$48:BK$51,BK50)*(G$47:G$52-F$47:F$52))} | BO50: {=SUMPRODUCT((E$47:E$52=BD50)*ISNUMBER(F$47:F$52)*ISNUMBER(G$47:G$52)*COUNTIFS(BD$48:BD$51,H$47:H$52,BK$48:BK$51,BK50)*F$47:F$52)+SUMPRODUCT((H$47:H$52=BD50)*ISNUMBER(F$47:F$52)*ISNUMBER(G$47:G$52)*COUNTIFS(BD$48:BD$51,E$47:E$52,BK$48:BK$51,BK50)*G$47:G$52)}
A51: 47 | B51: =TEXT((46199)+(20+4+GmtOffset)/24,"ddd") | C51: =TEXT((46199)+(20+4+GmtOffset)/24,"mmm d, yyyy") | D51: =TEXT((46199)+(20+4+GmtOffset)/24,"h:mm") | E51: Uruguay | H51: Spain | I51: H | K51: =INDEX(BD48:BD51,MATCH(3,BL48:BL51,0)) | L51: =INDEX(BE48:BE51,MATCH(3,BL48:BL51,0)) | M51: =INDEX(BF48:BF51,MATCH(3,BL48:BL51,0)) | N51: =INDEX(BG48:BG51,MATCH(3,BL48:BL51,0)) | O51: =INDEX(BH48:BH51,MATCH(3,BL48:BL51,0)) | P51: =INDEX(BI48:BI51,MATCH(3,BL48:BL51,0))&" - "&INDEX(BJ48:BJ51,MATCH(3,BL48:BL51,0)) | Q51: =INDEX(BK48:BK51,MATCH(3,BL48:BL51,0)) | AE51: =IF(AND(ISNUMBER(AB43),ISNUMBER(AB44)),IF(AB43>AB44,AA43,IF(AB44>AB43,AA44,IF(NOT(AND(ISNUMBER(AC43),ISNUMBER(AC44))),"",IF(AC43>AC44,AA43,IF(AC44>AC43,AA44,IF(NOT(AND(ISNUMBER(AD43),ISNUMBER(AD44))),"",IF(AD43>AD44,AA43,IF(AD44>AD43,AA44,"")))))))),"W99") | BD51: Uruguay | BE51: {=SUMPRODUCT((((E47:E52=BD51)+(H47:H52=BD51))>0)*ISNUMBER(F47:F52)*ISNUMBER(G47:G52))} | BF51: {=SUMPRODUCT((E47:E52=BD51)*ISNUMBER(F47:F52)*ISNUMBER(G47:G52)*(F47:F52>G47:G52))+SUMPRODUCT((H47:H52=BD51)*ISNUMBER(F47:F52)*ISNUMBER(G47:G52)*(G47:G52>F47:F52))} | BG51: {=SUMPRODUCT((((E47:E52=BD51)+(H47:H52=BD51))>0)*ISNUMBER(F47:F52)*ISNUMBER(G47:G52)*(F47:F52=G47:G52))} | BH51: =BE51-BF51-BG51 | BI51: {=SUMPRODUCT((E47:E52=BD51)*IFERROR(F47:F52,0))+SUMPRODUCT((H47:H52=BD51)*IFERROR(G47:G52,0))} | BJ51: {=SUMPRODUCT((E47:E52=BD51)*IFERROR(G47:G52,0))+SUMPRODUCT((H47:H52=BD51)*IFERROR(F47:F52,0))} | BK51: =BF51*3+BG51 | BL51: =1+SUMPRODUCT(((BK$48:BK$51>BK51)+(BK$48:BK$51=BK51)*(BM$48:BM$51>BM51)+(BK$48:BK$51=BK51)*(BM$48:BM$51=BM51)*(BN$48:BN$51>BN51)+(BK$48:BK$51=BK51)*(BM$48:BM$51=BM51)*(BN$48:BN$51=BN51)*(BO$48:BO$51>BO51)+(BK$48:BK$51=BK51)*(BM$48:BM$51=BM51)*(BN$48:BN$51=BN51)*(BO$48:BO$51=BO51)*((BI$48:BI$51-BJ$48:BJ$51)>(BI51-BJ51))+(BK$48:BK$51=BK51)*(BM$48:BM$51=BM51)*(BN$48:BN$51=BN51)*(BO$48:BO$51=BO51)*((BI$48:BI$51-BJ$48:BJ$51)=(BI51-BJ51))*(BI$48:BI$51>BI51)+(BK$48:BK$51=BK51)*(BM$48:BM$51=BM51)*(BN$48:BN$51=BN51)*(BO$48:BO$51=BO51)*((BI$48:BI$51-BJ$48:BJ$51)=(BI51-BJ51))*(BI$48:BI$51=BI51)*(ROW(BK$48:BK$51)<ROW(BK51)))*1) | BM51: {=SUMPRODUCT((E$47:E$52=BD51)*ISNUMBER(F$47:F$52)*ISNUMBER(G$47:G$52)*COUNTIFS(BD$48:BD$51,H$47:H$52,BK$48:BK$51,BK51)*((F$47:F$52>G$47:G$52)*3+(F$47:F$52=G$47:G$52)))+SUMPRODUCT((H$47:H$52=BD51)*ISNUMBER(F$47:F$52)*ISNUMBER(G$47:G$52)*COUNTIFS(BD$48:BD$51,E$47:E$52,BK$48:BK$51,BK51)*((G$47:G$52>F$47:F$52)*3+(F$47:F$52=G$47:G$52)))} | BN51: {=SUMPRODUCT((E$47:E$52=BD51)*ISNUMBER(F$47:F$52)*ISNUMBER(G$47:G$52)*COUNTIFS(BD$48:BD$51,H$47:H$52,BK$48:BK$51,BK51)*(F$47:F$52-G$47:G$52))+SUMPRODUCT((H$47:H$52=BD51)*ISNUMBER(F$47:F$52)*ISNUMBER(G$47:G$52)*COUNTIFS(BD$48:BD$51,E$47:E$52,BK$48:BK$51,BK51)*(G$47:G$52-F$47:F$52))} | BO51: {=SUMPRODUCT((E$47:E$52=BD51)*ISNUMBER(F$47:F$52)*ISNUMBER(G$47:G$52)*COUNTIFS(BD$48:BD$51,H$47:H$52,BK$48:BK$51,BK51)*F$47:F$52)+SUMPRODUCT((H$47:H$52=BD51)*ISNUMBER(F$47:F$52)*ISNUMBER(G$47:G$52)*COUNTIFS(BD$48:BD$51,E$47:E$52,BK$48:BK$51,BK51)*G$47:G$52)}
A52: 48 | B52: =TEXT((46199)+(20+4+GmtOffset)/24,"ddd") | C52: =TEXT((46199)+(20+4+GmtOffset)/24,"mmm d, yyyy") | D52: =TEXT((46199)+(20+4+GmtOffset)/24,"h:mm") | E52: Cape Verde | H52: Saudi Arabia | I52: H | K52: =INDEX(BD48:BD51,MATCH(4,BL48:BL51,0)) | L52: =INDEX(BE48:BE51,MATCH(4,BL48:BL51,0)) | M52: =INDEX(BF48:BF51,MATCH(4,BL48:BL51,0)) | N52: =INDEX(BG48:BG51,MATCH(4,BL48:BL51,0)) | O52: =INDEX(BH48:BH51,MATCH(4,BL48:BL51,0)) | P52: =INDEX(BI48:BI51,MATCH(4,BL48:BL51,0))&" - "&INDEX(BJ48:BJ51,MATCH(4,BL48:BL51,0)) | Q52: =INDEX(BK48:BK51,MATCH(4,BL48:BL51,0)) | AE52: =IF(AND(ISNUMBER(AB59),ISNUMBER(AB60)),IF(AB59>AB60,AA59,IF(AB60>AB59,AA60,IF(NOT(AND(ISNUMBER(AC59),ISNUMBER(AC60))),"",IF(AC59>AC60,AA59,IF(AC60>AC59,AA60,IF(NOT(AND(ISNUMBER(AD59),ISNUMBER(AD60))),"",IF(AD59>AD60,AA59,IF(AD60>AD59,AA60,"")))))))),"W100")
A53: 49 | B53: =TEXT((46189)+(15+4+GmtOffset)/24,"ddd") | C53: =TEXT((46189)+(15+4+GmtOffset)/24,"mmm d, yyyy") | D53: =TEXT((46189)+(15+4+GmtOffset)/24,"h:mm") | E53: France | H53: Senegal | I53: I | K53: Group I | S53: =IF((COUNTIF($F$5:$G$76,">=0")=144),IFERROR(INDEX($AO$81:$AO$92,2),"Winner B"),"Winner B")
A54: 50 | B54: =TEXT((46189)+(18+4+GmtOffset)/24,"ddd") | C54: =TEXT((46189)+(18+4+GmtOffset)/24,"mmm d, yyyy") | D54: =TEXT((46189)+(18+4+GmtOffset)/24,"h:mm") | E54: Iraq | H54: Norway | I54: I | L54: PL | M54: W | N54: D | O54: L | P54: GF - GA | Q54: P | S54: =IF((COUNTIF($F$5:$G$76,">=0")=144),IFERROR(INDEX($AQ$81:$AQ$92,MATCH($BS$81,$AN$81:$AN$92,0)),"Best 3rd E/F/G/I/J"),"Best 3rd E/F/G/I/J") | BD54: France | BE54: {=SUMPRODUCT((((E53:E58=BD54)+(H53:H58=BD54))>0)*ISNUMBER(F53:F58)*ISNUMBER(G53:G58))} | BF54: {=SUMPRODUCT((E53:E58=BD54)*ISNUMBER(F53:F58)*ISNUMBER(G53:G58)*(F53:F58>G53:G58))+SUMPRODUCT((H53:H58=BD54)*ISNUMBER(F53:F58)*ISNUMBER(G53:G58)*(G53:G58>F53:F58))} | BG54: {=SUMPRODUCT((((E53:E58=BD54)+(H53:H58=BD54))>0)*ISNUMBER(F53:F58)*ISNUMBER(G53:G58)*(F53:F58=G53:G58))} | BH54: =BE54-BF54-BG54 | BI54: {=SUMPRODUCT((E53:E58=BD54)*IFERROR(F53:F58,0))+SUMPRODUCT((H53:H58=BD54)*IFERROR(G53:G58,0))} | BJ54: {=SUMPRODUCT((E53:E58=BD54)*IFERROR(G53:G58,0))+SUMPRODUCT((H53:H58=BD54)*IFERROR(F53:F58,0))} | BK54: =BF54*3+BG54 | BL54: =1+SUMPRODUCT(((BK$54:BK$57>BK54)+(BK$54:BK$57=BK54)*(BM$54:BM$57>BM54)+(BK$54:BK$57=BK54)*(BM$54:BM$57=BM54)*(BN$54:BN$57>BN54)+(BK$54:BK$57=BK54)*(BM$54:BM$57=BM54)*(BN$54:BN$57=BN54)*(BO$54:BO$57>BO54)+(BK$54:BK$57=BK54)*(BM$54:BM$57=BM54)*(BN$54:BN$57=BN54)*(BO$54:BO$57=BO54)*((BI$54:BI$57-BJ$54:BJ$57)>(BI54-BJ54))+(BK$54:BK$57=BK54)*(BM$54:BM$57=BM54)*(BN$54:BN$57=BN54)*(BO$54:BO$57=BO54)*((BI$54:BI$57-BJ$54:BJ$57)=(BI54-BJ54))*(BI$54:BI$57>BI54)+(BK$54:BK$57=BK54)*(BM$54:BM$57=BM54)*(BN$54:BN$57=BN54)*(BO$54:BO$57=BO54)*((BI$54:BI$57-BJ$54:BJ$57)=(BI54-BJ54))*(BI$54:BI$57=BI54)*(ROW(BK$54:BK$57)<ROW(BK54)))*1) | BM54: {=SUMPRODUCT((E$53:E$58=BD54)*ISNUMBER(F$53:F$58)*ISNUMBER(G$53:G$58)*COUNTIFS(BD$54:BD$57,H$53:H$58,BK$54:BK$57,BK54)*((F$53:F$58>G$53:G$58)*3+(F$53:F$58=G$53:G$58)))+SUMPRODUCT((H$53:H$58=BD54)*ISNUMBER(F$53:F$58)*ISNUMBER(G$53:G$58)*COUNTIFS(BD$54:BD$57,E$53:E$58,BK$54:BK$57,BK54)*((G$53:G$58>F$53:F$58)*3+(F$53:F$58=G$53:G$58)))} | BN54: {=SUMPRODUCT((E$53:E$58=BD54)*ISNUMBER(F$53:F$58)*ISNUMBER(G$53:G$58)*COUNTIFS(BD$54:BD$57,H$53:H$58,BK$54:BK$57,BK54)*(F$53:F$58-G$53:G$58))+SUMPRODUCT((H$53:H$58=BD54)*ISNUMBER(F$53:F$58)*ISNUMBER(G$53:G$58)*COUNTIFS(BD$54:BD$57,E$53:E$58,BK$54:BK$57,BK54)*(G$53:G$58-F$53:F$58))} | BO54: {=SUMPRODUCT((E$53:E$58=BD54)*ISNUMBER(F$53:F$58)*ISNUMBER(G$53:G$58)*COUNTIFS(BD$54:BD$57,H$53:H$58,BK$54:BK$57,BK54)*F$53:F$58)+SUMPRODUCT((H$53:H$58=BD54)*ISNUMBER(F$53:F$58)*ISNUMBER(G$53:G$58)*COUNTIFS(BD$54:BD$57,E$53:E$58,BK$54:BK$57,BK54)*G$53:G$58)}
A55: 51 | B55: =TEXT((46195)+(17+4+GmtOffset)/24,"ddd") | C55: =TEXT((46195)+(17+4+GmtOffset)/24,"mmm d, yyyy") | D55: =TEXT((46195)+(17+4+GmtOffset)/24,"h:mm") | E55: France | H55: Iraq | I55: I | K55: =INDEX(BD54:BD57,MATCH(1,BL54:BL57,0)) | L55: =INDEX(BE54:BE57,MATCH(1,BL54:BL57,0)) | M55: =INDEX(BF54:BF57,MATCH(1,BL54:BL57,0)) | N55: =INDEX(BG54:BG57,MATCH(1,BL54:BL57,0)) | O55: =INDEX(BH54:BH57,MATCH(1,BL54:BL57,0)) | P55: =INDEX(BI54:BI57,MATCH(1,BL54:BL57,0))&" - "&INDEX(BJ54:BJ57,MATCH(1,BL54:BL57,0)) | Q55: =INDEX(BK54:BK57,MATCH(1,BL54:BL57,0)) | W55: =IF(AND(ISNUMBER(T57),ISNUMBER(T58)),IF(T57>T58,S57,IF(T58>T57,S58,IF(NOT(AND(ISNUMBER(U57),ISNUMBER(U58))),"",IF(U57>U58,S57,IF(U58>U57,S58,IF(NOT(AND(ISNUMBER(V57),ISNUMBER(V58))),"",IF(V57>V58,S57,IF(V58>V57,S58,"")))))))),"W86") | BD55: Senegal | BE55: {=SUMPRODUCT((((E53:E58=BD55)+(H53:H58=BD55))>0)*ISNUMBER(F53:F58)*ISNUMBER(G53:G58))} | BF55: {=SUMPRODUCT((E53:E58=BD55)*ISNUMBER(F53:F58)*ISNUMBER(G53:G58)*(F53:F58>G53:G58))+SUMPRODUCT((H53:H58=BD55)*ISNUMBER(F53:F58)*ISNUMBER(G53:G58)*(G53:G58>F53:F58))} | BG55: {=SUMPRODUCT((((E53:E58=BD55)+(H53:H58=BD55))>0)*ISNUMBER(F53:F58)*ISNUMBER(G53:G58)*(F53:F58=G53:G58))} | BH55: =BE55-BF55-BG55 | BI55: {=SUMPRODUCT((E53:E58=BD55)*IFERROR(F53:F58,0))+SUMPRODUCT((H53:H58=BD55)*IFERROR(G53:G58,0))} | BJ55: {=SUMPRODUCT((E53:E58=BD55)*IFERROR(G53:G58,0))+SUMPRODUCT((H53:H58=BD55)*IFERROR(F53:F58,0))} | BK55: =BF55*3+BG55 | BL55: =1+SUMPRODUCT(((BK$54:BK$57>BK55)+(BK$54:BK$57=BK55)*(BM$54:BM$57>BM55)+(BK$54:BK$57=BK55)*(BM$54:BM$57=BM55)*(BN$54:BN$57>BN55)+(BK$54:BK$57=BK55)*(BM$54:BM$57=BM55)*(BN$54:BN$57=BN55)*(BO$54:BO$57>BO55)+(BK$54:BK$57=BK55)*(BM$54:BM$57=BM55)*(BN$54:BN$57=BN55)*(BO$54:BO$57=BO55)*((BI$54:BI$57-BJ$54:BJ$57)>(BI55-BJ55))+(BK$54:BK$57=BK55)*(BM$54:BM$57=BM55)*(BN$54:BN$57=BN55)*(BO$54:BO$57=BO55)*((BI$54:BI$57-BJ$54:BJ$57)=(BI55-BJ55))*(BI$54:BI$57>BI55)+(BK$54:BK$57=BK55)*(BM$54:BM$57=BM55)*(BN$54:BN$57=BN55)*(BO$54:BO$57=BO55)*((BI$54:BI$57-BJ$54:BJ$57)=(BI55-BJ55))*(BI$54:BI$57=BI55)*(ROW(BK$54:BK$57)<ROW(BK55)))*1) | BM55: {=SUMPRODUCT((E$53:E$58=BD55)*ISNUMBER(F$53:F$58)*ISNUMBER(G$53:G$58)*COUNTIFS(BD$54:BD$57,H$53:H$58,BK$54:BK$57,BK55)*((F$53:F$58>G$53:G$58)*3+(F$53:F$58=G$53:G$58)))+SUMPRODUCT((H$53:H$58=BD55)*ISNUMBER(F$53:F$58)*ISNUMBER(G$53:G$58)*COUNTIFS(BD$54:BD$57,E$53:E$58,BK$54:BK$57,BK55)*((G$53:G$58>F$53:F$58)*3+(F$53:F$58=G$53:G$58)))} | BN55: {=SUMPRODUCT((E$53:E$58=BD55)*ISNUMBER(F$53:F$58)*ISNUMBER(G$53:G$58)*COUNTIFS(BD$54:BD$57,H$53:H$58,BK$54:BK$57,BK55)*(F$53:F$58-G$53:G$58))+SUMPRODUCT((H$53:H$58=BD55)*ISNUMBER(F$53:F$58)*ISNUMBER(G$53:G$58)*COUNTIFS(BD$54:BD$57,E$53:E$58,BK$54:BK$57,BK55)*(G$53:G$58-F$53:F$58))} | BO55: {=SUMPRODUCT((E$53:E$58=BD55)*ISNUMBER(F$53:F$58)*ISNUMBER(G$53:G$58)*COUNTIFS(BD$54:BD$57,H$53:H$58,BK$54:BK$57,BK55)*F$53:F$58)+SUMPRODUCT((H$53:H$58=BD55)*ISNUMBER(F$53:F$58)*ISNUMBER(G$53:G$58)*COUNTIFS(BD$54:BD$57,E$53:E$58,BK$54:BK$57,BK55)*G$53:G$58)}
A56: 52 | B56: =TEXT((46195)+(20+4+GmtOffset)/24,"ddd") | C56: =TEXT((46195)+(20+4+GmtOffset)/24,"mmm d, yyyy") | D56: =TEXT((46195)+(20+4+GmtOffset)/24,"h:mm") | E56: Norway | H56: Senegal | I56: I | K56: =INDEX(BD54:BD57,MATCH(2,BL54:BL57,0)) | L56: =INDEX(BE54:BE57,MATCH(2,BL54:BL57,0)) | M56: =INDEX(BF54:BF57,MATCH(2,BL54:BL57,0)) | N56: =INDEX(BG54:BG57,MATCH(2,BL54:BL57,0)) | O56: =INDEX(BH54:BH57,MATCH(2,BL54:BL57,0)) | P56: =INDEX(BI54:BI57,MATCH(2,BL54:BL57,0))&" - "&INDEX(BJ54:BJ57,MATCH(2,BL54:BL57,0)) | Q56: =INDEX(BK54:BK57,MATCH(2,BL54:BL57,0)) | W56: =IF(AND(ISNUMBER(T65),ISNUMBER(T66)),IF(T65>T66,S65,IF(T66>T65,S66,IF(NOT(AND(ISNUMBER(U65),ISNUMBER(U66))),"",IF(U65>U66,S65,IF(U66>U65,S66,IF(NOT(AND(ISNUMBER(V65),ISNUMBER(V66))),"",IF(V65>V66,S65,IF(V66>V65,S66,"")))))))),"W88") | BD56: Iraq | BE56: {=SUMPRODUCT((((E53:E58=BD56)+(H53:H58=BD56))>0)*ISNUMBER(F53:F58)*ISNUMBER(G53:G58))} | BF56: {=SUMPRODUCT((E53:E58=BD56)*ISNUMBER(F53:F58)*ISNUMBER(G53:G58)*(F53:F58>G53:G58))+SUMPRODUCT((H53:H58=BD56)*ISNUMBER(F53:F58)*ISNUMBER(G53:G58)*(G53:G58>F53:F58))} | BG56: {=SUMPRODUCT((((E53:E58=BD56)+(H53:H58=BD56))>0)*ISNUMBER(F53:F58)*ISNUMBER(G53:G58)*(F53:F58=G53:G58))} | BH56: =BE56-BF56-BG56 | BI56: {=SUMPRODUCT((E53:E58=BD56)*IFERROR(F53:F58,0))+SUMPRODUCT((H53:H58=BD56)*IFERROR(G53:G58,0))} | BJ56: {=SUMPRODUCT((E53:E58=BD56)*IFERROR(G53:G58,0))+SUMPRODUCT((H53:H58=BD56)*IFERROR(F53:F58,0))} | BK56: =BF56*3+BG56 | BL56: =1+SUMPRODUCT(((BK$54:BK$57>BK56)+(BK$54:BK$57=BK56)*(BM$54:BM$57>BM56)+(BK$54:BK$57=BK56)*(BM$54:BM$57=BM56)*(BN$54:BN$57>BN56)+(BK$54:BK$57=BK56)*(BM$54:BM$57=BM56)*(BN$54:BN$57=BN56)*(BO$54:BO$57>BO56)+(BK$54:BK$57=BK56)*(BM$54:BM$57=BM56)*(BN$54:BN$57=BN56)*(BO$54:BO$57=BO56)*((BI$54:BI$57-BJ$54:BJ$57)>(BI56-BJ56))+(BK$54:BK$57=BK56)*(BM$54:BM$57=BM56)*(BN$54:BN$57=BN56)*(BO$54:BO$57=BO56)*((BI$54:BI$57-BJ$54:BJ$57)=(BI56-BJ56))*(BI$54:BI$57>BI56)+(BK$54:BK$57=BK56)*(BM$54:BM$57=BM56)*(BN$54:BN$57=BN56)*(BO$54:BO$57=BO56)*((BI$54:BI$57-BJ$54:BJ$57)=(BI56-BJ56))*(BI$54:BI$57=BI56)*(ROW(BK$54:BK$57)<ROW(BK56)))*1) | BM56: {=SUMPRODUCT((E$53:E$58=BD56)*ISNUMBER(F$53:F$58)*ISNUMBER(G$53:G$58)*COUNTIFS(BD$54:BD$57,H$53:H$58,BK$54:BK$57,BK56)*((F$53:F$58>G$53:G$58)*3+(F$53:F$58=G$53:G$58)))+SUMPRODUCT((H$53:H$58=BD56)*ISNUMBER(F$53:F$58)*ISNUMBER(G$53:G$58)*COUNTIFS(BD$54:BD$57,E$53:E$58,BK$54:BK$57,BK56)*((G$53:G$58>F$53:F$58)*3+(F$53:F$58=G$53:G$58)))} | BN56: {=SUMPRODUCT((E$53:E$58=BD56)*ISNUMBER(F$53:F$58)*ISNUMBER(G$53:G$58)*COUNTIFS(BD$54:BD$57,H$53:H$58,BK$54:BK$57,BK56)*(F$53:F$58-G$53:G$58))+SUMPRODUCT((H$53:H$58=BD56)*ISNUMBER(F$53:F$58)*ISNUMBER(G$53:G$58)*COUNTIFS(BD$54:BD$57,E$53:E$58,BK$54:BK$57,BK56)*(G$53:G$58-F$53:F$58))} | BO56: {=SUMPRODUCT((E$53:E$58=BD56)*ISNUMBER(F$53:F$58)*ISNUMBER(G$53:G$58)*COUNTIFS(BD$54:BD$57,H$53:H$58,BK$54:BK$57,BK56)*F$53:F$58)+SUMPRODUCT((H$53:H$58=BD56)*ISNUMBER(F$53:F$58)*ISNUMBER(G$53:G$58)*COUNTIFS(BD$54:BD$57,E$53:E$58,BK$54:BK$57,BK56)*G$53:G$58)}
A57: 53 | B57: =TEXT((46199)+(15+4+GmtOffset)/24,"ddd") | C57: =TEXT((46199)+(15+4+GmtOffset)/24,"mmm d, yyyy") | D57: =TEXT((46199)+(15+4+GmtOffset)/24,"h:mm") | E57: Norway | H57: France | I57: I | K57: =INDEX(BD54:BD57,MATCH(3,BL54:BL57,0)) | L57: =INDEX(BE54:BE57,MATCH(3,BL54:BL57,0)) | M57: =INDEX(BF54:BF57,MATCH(3,BL54:BL57,0)) | N57: =INDEX(BG54:BG57,MATCH(3,BL54:BL57,0)) | O57: =INDEX(BH54:BH57,MATCH(3,BL54:BL57,0)) | P57: =INDEX(BI54:BI57,MATCH(3,BL54:BL57,0))&" - "&INDEX(BJ54:BJ57,MATCH(3,BL54:BL57,0)) | Q57: =INDEX(BK54:BK57,MATCH(3,BL54:BL57,0)) | S57: =IF((COUNTIF($F$5:$G$76,">=0")=144),IFERROR(INDEX($AO$81:$AO$92,10),"Winner J"),"Winner J") | BD57: Norway | BE57: {=SUMPRODUCT((((E53:E58=BD57)+(H53:H58=BD57))>0)*ISNUMBER(F53:F58)*ISNUMBER(G53:G58))} | BF57: {=SUMPRODUCT((E53:E58=BD57)*ISNUMBER(F53:F58)*ISNUMBER(G53:G58)*(F53:F58>G53:G58))+SUMPRODUCT((H53:H58=BD57)*ISNUMBER(F53:F58)*ISNUMBER(G53:G58)*(G53:G58>F53:F58))} | BG57: {=SUMPRODUCT((((E53:E58=BD57)+(H53:H58=BD57))>0)*ISNUMBER(F53:F58)*ISNUMBER(G53:G58)*(F53:F58=G53:G58))} | BH57: =BE57-BF57-BG57 | BI57: {=SUMPRODUCT((E53:E58=BD57)*IFERROR(F53:F58,0))+SUMPRODUCT((H53:H58=BD57)*IFERROR(G53:G58,0))} | BJ57: {=SUMPRODUCT((E53:E58=BD57)*IFERROR(G53:G58,0))+SUMPRODUCT((H53:H58=BD57)*IFERROR(F53:F58,0))} | BK57: =BF57*3+BG57 | BL57: =1+SUMPRODUCT(((BK$54:BK$57>BK57)+(BK$54:BK$57=BK57)*(BM$54:BM$57>BM57)+(BK$54:BK$57=BK57)*(BM$54:BM$57=BM57)*(BN$54:BN$57>BN57)+(BK$54:BK$57=BK57)*(BM$54:BM$57=BM57)*(BN$54:BN$57=BN57)*(BO$54:BO$57>BO57)+(BK$54:BK$57=BK57)*(BM$54:BM$57=BM57)*(BN$54:BN$57=BN57)*(BO$54:BO$57=BO57)*((BI$54:BI$57-BJ$54:BJ$57)>(BI57-BJ57))+(BK$54:BK$57=BK57)*(BM$54:BM$57=BM57)*(BN$54:BN$57=BN57)*(BO$54:BO$57=BO57)*((BI$54:BI$57-BJ$54:BJ$57)=(BI57-BJ57))*(BI$54:BI$57>BI57)+(BK$54:BK$57=BK57)*(BM$54:BM$57=BM57)*(BN$54:BN$57=BN57)*(BO$54:BO$57=BO57)*((BI$54:BI$57-BJ$54:BJ$57)=(BI57-BJ57))*(BI$54:BI$57=BI57)*(ROW(BK$54:BK$57)<ROW(BK57)))*1) | BM57: {=SUMPRODUCT((E$53:E$58=BD57)*ISNUMBER(F$53:F$58)*ISNUMBER(G$53:G$58)*COUNTIFS(BD$54:BD$57,H$53:H$58,BK$54:BK$57,BK57)*((F$53:F$58>G$53:G$58)*3+(F$53:F$58=G$53:G$58)))+SUMPRODUCT((H$53:H$58=BD57)*ISNUMBER(F$53:F$58)*ISNUMBER(G$53:G$58)*COUNTIFS(BD$54:BD$57,E$53:E$58,BK$54:BK$57,BK57)*((G$53:G$58>F$53:F$58)*3+(F$53:F$58=G$53:G$58)))} | BN57: {=SUMPRODUCT((E$53:E$58=BD57)*ISNUMBER(F$53:F$58)*ISNUMBER(G$53:G$58)*COUNTIFS(BD$54:BD$57,H$53:H$58,BK$54:BK$57,BK57)*(F$53:F$58-G$53:G$58))+SUMPRODUCT((H$53:H$58=BD57)*ISNUMBER(F$53:F$58)*ISNUMBER(G$53:G$58)*COUNTIFS(BD$54:BD$57,E$53:E$58,BK$54:BK$57,BK57)*(G$53:G$58-F$53:F$58))} | BO57: {=SUMPRODUCT((E$53:E$58=BD57)*ISNUMBER(F$53:F$58)*ISNUMBER(G$53:G$58)*COUNTIFS(BD$54:BD$57,H$53:H$58,BK$54:BK$57,BK57)*F$53:F$58)+SUMPRODUCT((H$53:H$58=BD57)*ISNUMBER(F$53:F$58)*ISNUMBER(G$53:G$58)*COUNTIFS(BD$54:BD$57,E$53:E$58,BK$54:BK$57,BK57)*G$53:G$58)}
A58: 54 | B58: =TEXT((46199)+(15+4+GmtOffset)/24,"ddd") | C58: =TEXT((46199)+(15+4+GmtOffset)/24,"mmm d, yyyy") | D58: =TEXT((46199)+(15+4+GmtOffset)/24,"h:mm") | E58: Senegal | H58: Iraq | I58: I | K58: =INDEX(BD54:BD57,MATCH(4,BL54:BL57,0)) | L58: =INDEX(BE54:BE57,MATCH(4,BL54:BL57,0)) | M58: =INDEX(BF54:BF57,MATCH(4,BL54:BL57,0)) | N58: =INDEX(BG54:BG57,MATCH(4,BL54:BL57,0)) | O58: =INDEX(BH54:BH57,MATCH(4,BL54:BL57,0)) | P58: =INDEX(BI54:BI57,MATCH(4,BL54:BL57,0))&" - "&INDEX(BJ54:BJ57,MATCH(4,BL54:BL57,0)) | Q58: =INDEX(BK54:BK57,MATCH(4,BL54:BL57,0)) | S58: =IF((COUNTIF($F$5:$G$76,">=0")=144),IFERROR(INDEX($AP$81:$AP$92,8),"Runner-up H"),"Runner-up H")
A59: 55 | B59: =TEXT((46189)+(21+4+GmtOffset)/24,"ddd") | C59: =TEXT((46189)+(21+4+GmtOffset)/24,"mmm d, yyyy") | D59: =TEXT((46189)+(21+4+GmtOffset)/24,"h:mm") | E59: Argentina | H59: Algeria | I59: J | K59: Group J | AA59: =IF(AND(ISNUMBER(X55),ISNUMBER(X56)),IF(X55>X56,W55,IF(X56>X55,W56,IF(NOT(AND(ISNUMBER(Y55),ISNUMBER(Y56))),"",IF(Y55>Y56,W55,IF(Y56>Y55,W56,IF(NOT(AND(ISNUMBER(Z55),ISNUMBER(Z56))),"",IF(Z55>Z56,W55,IF(Z56>Z55,W56,"")))))))),"W95")
A60: 56 | B60: =TEXT((46190)+(0+4+GmtOffset)/24,"ddd") | C60: =TEXT((46190)+(0+4+GmtOffset)/24,"mmm d, yyyy") | D60: =TEXT((46190)+(0+4+GmtOffset)/24,"h:mm") | E60: Austria | H60: Jordan | I60: J | L60: PL | M60: W | N60: D | O60: L | P60: GF - GA | Q60: P | AA60: =IF(AND(ISNUMBER(X63),ISNUMBER(X64)),IF(X63>X64,W63,IF(X64>X63,W64,IF(NOT(AND(ISNUMBER(Y63),ISNUMBER(Y64))),"",IF(Y63>Y64,W63,IF(Y64>Y63,W64,IF(NOT(AND(ISNUMBER(Z63),ISNUMBER(Z64))),"",IF(Z63>Z64,W63,IF(Z64>Z63,W64,"")))))))),"W96") | BD60: Argentina | BE60: {=SUMPRODUCT((((E59:E64=BD60)+(H59:H64=BD60))>0)*ISNUMBER(F59:F64)*ISNUMBER(G59:G64))} | BF60: {=SUMPRODUCT((E59:E64=BD60)*ISNUMBER(F59:F64)*ISNUMBER(G59:G64)*(F59:F64>G59:G64))+SUMPRODUCT((H59:H64=BD60)*ISNUMBER(F59:F64)*ISNUMBER(G59:G64)*(G59:G64>F59:F64))} | BG60: {=SUMPRODUCT((((E59:E64=BD60)+(H59:H64=BD60))>0)*ISNUMBER(F59:F64)*ISNUMBER(G59:G64)*(F59:F64=G59:G64))} | BH60: =BE60-BF60-BG60 | BI60: {=SUMPRODUCT((E59:E64=BD60)*IFERROR(F59:F64,0))+SUMPRODUCT((H59:H64=BD60)*IFERROR(G59:G64,0))} | BJ60: {=SUMPRODUCT((E59:E64=BD60)*IFERROR(G59:G64,0))+SUMPRODUCT((H59:H64=BD60)*IFERROR(F59:F64,0))} | BK60: =BF60*3+BG60 | BL60: =1+SUMPRODUCT(((BK$60:BK$63>BK60)+(BK$60:BK$63=BK60)*(BM$60:BM$63>BM60)+(BK$60:BK$63=BK60)*(BM$60:BM$63=BM60)*(BN$60:BN$63>BN60)+(BK$60:BK$63=BK60)*(BM$60:BM$63=BM60)*(BN$60:BN$63=BN60)*(BO$60:BO$63>BO60)+(BK$60:BK$63=BK60)*(BM$60:BM$63=BM60)*(BN$60:BN$63=BN60)*(BO$60:BO$63=BO60)*((BI$60:BI$63-BJ$60:BJ$63)>(BI60-BJ60))+(BK$60:BK$63=BK60)*(BM$60:BM$63=BM60)*(BN$60:BN$63=BN60)*(BO$60:BO$63=BO60)*((BI$60:BI$63-BJ$60:BJ$63)=(BI60-BJ60))*(BI$60:BI$63>BI60)+(BK$60:BK$63=BK60)*(BM$60:BM$63=BM60)*(BN$60:BN$63=BN60)*(BO$60:BO$63=BO60)*((BI$60:BI$63-BJ$60:BJ$63)=(BI60-BJ60))*(BI$60:BI$63=BI60)*(ROW(BK$60:BK$63)<ROW(BK60)))*1) | BM60: {=SUMPRODUCT((E$59:E$64=BD60)*ISNUMBER(F$59:F$64)*ISNUMBER(G$59:G$64)*COUNTIFS(BD$60:BD$63,H$59:H$64,BK$60:BK$63,BK60)*((F$59:F$64>G$59:G$64)*3+(F$59:F$64=G$59:G$64)))+SUMPRODUCT((H$59:H$64=BD60)*ISNUMBER(F$59:F$64)*ISNUMBER(G$59:G$64)*COUNTIFS(BD$60:BD$63,E$59:E$64,BK$60:BK$63,BK60)*((G$59:G$64>F$59:F$64)*3+(F$59:F$64=G$59:G$64)))} | BN60: {=SUMPRODUCT((E$59:E$64=BD60)*ISNUMBER(F$59:F$64)*ISNUMBER(G$59:G$64)*COUNTIFS(BD$60:BD$63,H$59:H$64,BK$60:BK$63,BK60)*(F$59:F$64-G$59:G$64))+SUMPRODUCT((H$59:H$64=BD60)*ISNUMBER(F$59:F$64)*ISNUMBER(G$59:G$64)*COUNTIFS(BD$60:BD$63,E$59:E$64,BK$60:BK$63,BK60)*(G$59:G$64-F$59:F$64))} | BO60: {=SUMPRODUCT((E$59:E$64=BD60)*ISNUMBER(F$59:F$64)*ISNUMBER(G$59:G$64)*COUNTIFS(BD$60:BD$63,H$59:H$64,BK$60:BK$63,BK60)*F$59:F$64)+SUMPRODUCT((H$59:H$64=BD60)*ISNUMBER(F$59:F$64)*ISNUMBER(G$59:G$64)*COUNTIFS(BD$60:BD$63,E$59:E$64,BK$60:BK$63,BK60)*G$59:G$64)}
A61: 57 | B61: =TEXT((46195)+(13+4+GmtOffset)/24,"ddd") | C61: =TEXT((46195)+(13+4+GmtOffset)/24,"mmm d, yyyy") | D61: =TEXT((46195)+(13+4+GmtOffset)/24,"h:mm") | E61: Argentina | H61: Austria | I61: J | K61: =INDEX(BD60:BD63,MATCH(1,BL60:BL63,0)) | L61: =INDEX(BE60:BE63,MATCH(1,BL60:BL63,0)) | M61: =INDEX(BF60:BF63,MATCH(1,BL60:BL63,0)) | N61: =INDEX(BG60:BG63,MATCH(1,BL60:BL63,0)) | O61: =INDEX(BH60:BH63,MATCH(1,BL60:BL63,0)) | P61: =INDEX(BI60:BI63,MATCH(1,BL60:BL63,0))&" - "&INDEX(BJ60:BJ63,MATCH(1,BL60:BL63,0)) | Q61: =INDEX(BK60:BK63,MATCH(1,BL60:BL63,0)) | S61: =IF((COUNTIF($F$5:$G$76,">=0")=144),IFERROR(INDEX($AO$81:$AO$92,11),"Winner K"),"Winner K") | BD61: Algeria | BE61: {=SUMPRODUCT((((E59:E64=BD61)+(H59:H64=BD61))>0)*ISNUMBER(F59:F64)*ISNUMBER(G59:G64))} | BF61: {=SUMPRODUCT((E59:E64=BD61)*ISNUMBER(F59:F64)*ISNUMBER(G59:G64)*(F59:F64>G59:G64))+SUMPRODUCT((H59:H64=BD61)*ISNUMBER(F59:F64)*ISNUMBER(G59:G64)*(G59:G64>F59:F64))} | BG61: {=SUMPRODUCT((((E59:E64=BD61)+(H59:H64=BD61))>0)*ISNUMBER(F59:F64)*ISNUMBER(G59:G64)*(F59:F64=G59:G64))} | BH61: =BE61-BF61-BG61 | BI61: {=SUMPRODUCT((E59:E64=BD61)*IFERROR(F59:F64,0))+SUMPRODUCT((H59:H64=BD61)*IFERROR(G59:G64,0))} | BJ61: {=SUMPRODUCT((E59:E64=BD61)*IFERROR(G59:G64,0))+SUMPRODUCT((H59:H64=BD61)*IFERROR(F59:F64,0))} | BK61: =BF61*3+BG61 | BL61: =1+SUMPRODUCT(((BK$60:BK$63>BK61)+(BK$60:BK$63=BK61)*(BM$60:BM$63>BM61)+(BK$60:BK$63=BK61)*(BM$60:BM$63=BM61)*(BN$60:BN$63>BN61)+(BK$60:BK$63=BK61)*(BM$60:BM$63=BM61)*(BN$60:BN$63=BN61)*(BO$60:BO$63>BO61)+(BK$60:BK$63=BK61)*(BM$60:BM$63=BM61)*(BN$60:BN$63=BN61)*(BO$60:BO$63=BO61)*((BI$60:BI$63-BJ$60:BJ$63)>(BI61-BJ61))+(BK$60:BK$63=BK61)*(BM$60:BM$63=BM61)*(BN$60:BN$63=BN61)*(BO$60:BO$63=BO61)*((BI$60:BI$63-BJ$60:BJ$63)=(BI61-BJ61))*(BI$60:BI$63>BI61)+(BK$60:BK$63=BK61)*(BM$60:BM$63=BM61)*(BN$60:BN$63=BN61)*(BO$60:BO$63=BO61)*((BI$60:BI$63-BJ$60:BJ$63)=(BI61-BJ61))*(BI$60:BI$63=BI61)*(ROW(BK$60:BK$63)<ROW(BK61)))*1) | BM61: {=SUMPRODUCT((E$59:E$64=BD61)*ISNUMBER(F$59:F$64)*ISNUMBER(G$59:G$64)*COUNTIFS(BD$60:BD$63,H$59:H$64,BK$60:BK$63,BK61)*((F$59:F$64>G$59:G$64)*3+(F$59:F$64=G$59:G$64)))+SUMPRODUCT((H$59:H$64=BD61)*ISNUMBER(F$59:F$64)*ISNUMBER(G$59:G$64)*COUNTIFS(BD$60:BD$63,E$59:E$64,BK$60:BK$63,BK61)*((G$59:G$64>F$59:F$64)*3+(F$59:F$64=G$59:G$64)))} | BN61: {=SUMPRODUCT((E$59:E$64=BD61)*ISNUMBER(F$59:F$64)*ISNUMBER(G$59:G$64)*COUNTIFS(BD$60:BD$63,H$59:H$64,BK$60:BK$63,BK61)*(F$59:F$64-G$59:G$64))+SUMPRODUCT((H$59:H$64=BD61)*ISNUMBER(F$59:F$64)*ISNUMBER(G$59:G$64)*COUNTIFS(BD$60:BD$63,E$59:E$64,BK$60:BK$63,BK61)*(G$59:G$64-F$59:F$64))} | BO61: {=SUMPRODUCT((E$59:E$64=BD61)*ISNUMBER(F$59:F$64)*ISNUMBER(G$59:G$64)*COUNTIFS(BD$60:BD$63,H$59:H$64,BK$60:BK$63,BK61)*F$59:F$64)+SUMPRODUCT((H$59:H$64=BD61)*ISNUMBER(F$59:F$64)*ISNUMBER(G$59:G$64)*COUNTIFS(BD$60:BD$63,E$59:E$64,BK$60:BK$63,BK61)*G$59:G$64)}
A62: 58 | B62: =TEXT((46195)+(23+4+GmtOffset)/24,"ddd") | C62: =TEXT((46195)+(23+4+GmtOffset)/24,"mmm d, yyyy") | D62: =TEXT((46195)+(23+4+GmtOffset)/24,"h:mm") | E62: Jordan | H62: Algeria | I62: J | K62: =INDEX(BD60:BD63,MATCH(2,BL60:BL63,0)) | L62: =INDEX(BE60:BE63,MATCH(2,BL60:BL63,0)) | M62: =INDEX(BF60:BF63,MATCH(2,BL60:BL63,0)) | N62: =INDEX(BG60:BG63,MATCH(2,BL60:BL63,0)) | O62: =INDEX(BH60:BH63,MATCH(2,BL60:BL63,0)) | P62: =INDEX(BI60:BI63,MATCH(2,BL60:BL63,0))&" - "&INDEX(BJ60:BJ63,MATCH(2,BL60:BL63,0)) | Q62: =INDEX(BK60:BK63,MATCH(2,BL60:BL63,0)) | S62: =IF((COUNTIF($F$5:$G$76,">=0")=144),IFERROR(INDEX($AQ$81:$AQ$92,MATCH($BT$81,$AN$81:$AN$92,0)),"Best 3rd D/E/I/J/L"),"Best 3rd D/E/I/J/L") | BD62: Austria | BE62: {=SUMPRODUCT((((E59:E64=BD62)+(H59:H64=BD62))>0)*ISNUMBER(F59:F64)*ISNUMBER(G59:G64))} | BF62: {=SUMPRODUCT((E59:E64=BD62)*ISNUMBER(F59:F64)*ISNUMBER(G59:G64)*(F59:F64>G59:G64))+SUMPRODUCT((H59:H64=BD62)*ISNUMBER(F59:F64)*ISNUMBER(G59:G64)*(G59:G64>F59:F64))} | BG62: {=SUMPRODUCT((((E59:E64=BD62)+(H59:H64=BD62))>0)*ISNUMBER(F59:F64)*ISNUMBER(G59:G64)*(F59:F64=G59:G64))} | BH62: =BE62-BF62-BG62 | BI62: {=SUMPRODUCT((E59:E64=BD62)*IFERROR(F59:F64,0))+SUMPRODUCT((H59:H64=BD62)*IFERROR(G59:G64,0))} | BJ62: {=SUMPRODUCT((E59:E64=BD62)*IFERROR(G59:G64,0))+SUMPRODUCT((H59:H64=BD62)*IFERROR(F59:F64,0))} | BK62: =BF62*3+BG62 | BL62: =1+SUMPRODUCT(((BK$60:BK$63>BK62)+(BK$60:BK$63=BK62)*(BM$60:BM$63>BM62)+(BK$60:BK$63=BK62)*(BM$60:BM$63=BM62)*(BN$60:BN$63>BN62)+(BK$60:BK$63=BK62)*(BM$60:BM$63=BM62)*(BN$60:BN$63=BN62)*(BO$60:BO$63>BO62)+(BK$60:BK$63=BK62)*(BM$60:BM$63=BM62)*(BN$60:BN$63=BN62)*(BO$60:BO$63=BO62)*((BI$60:BI$63-BJ$60:BJ$63)>(BI62-BJ62))+(BK$60:BK$63=BK62)*(BM$60:BM$63=BM62)*(BN$60:BN$63=BN62)*(BO$60:BO$63=BO62)*((BI$60:BI$63-BJ$60:BJ$63)=(BI62-BJ62))*(BI$60:BI$63>BI62)+(BK$60:BK$63=BK62)*(BM$60:BM$63=BM62)*(BN$60:BN$63=BN62)*(BO$60:BO$63=BO62)*((BI$60:BI$63-BJ$60:BJ$63)=(BI62-BJ62))*(BI$60:BI$63=BI62)*(ROW(BK$60:BK$63)<ROW(BK62)))*1) | BM62: {=SUMPRODUCT((E$59:E$64=BD62)*ISNUMBER(F$59:F$64)*ISNUMBER(G$59:G$64)*COUNTIFS(BD$60:BD$63,H$59:H$64,BK$60:BK$63,BK62)*((F$59:F$64>G$59:G$64)*3+(F$59:F$64=G$59:G$64)))+SUMPRODUCT((H$59:H$64=BD62)*ISNUMBER(F$59:F$64)*ISNUMBER(G$59:G$64)*COUNTIFS(BD$60:BD$63,E$59:E$64,BK$60:BK$63,BK62)*((G$59:G$64>F$59:F$64)*3+(F$59:F$64=G$59:G$64)))} | BN62: {=SUMPRODUCT((E$59:E$64=BD62)*ISNUMBER(F$59:F$64)*ISNUMBER(G$59:G$64)*COUNTIFS(BD$60:BD$63,H$59:H$64,BK$60:BK$63,BK62)*(F$59:F$64-G$59:G$64))+SUMPRODUCT((H$59:H$64=BD62)*ISNUMBER(F$59:F$64)*ISNUMBER(G$59:G$64)*COUNTIFS(BD$60:BD$63,E$59:E$64,BK$60:BK$63,BK62)*(G$59:G$64-F$59:F$64))} | BO62: {=SUMPRODUCT((E$59:E$64=BD62)*ISNUMBER(F$59:F$64)*ISNUMBER(G$59:G$64)*COUNTIFS(BD$60:BD$63,H$59:H$64,BK$60:BK$63,BK62)*F$59:F$64)+SUMPRODUCT((H$59:H$64=BD62)*ISNUMBER(F$59:F$64)*ISNUMBER(G$59:G$64)*COUNTIFS(BD$60:BD$63,E$59:E$64,BK$60:BK$63,BK62)*G$59:G$64)}
A63: 59 | B63: =TEXT((46200)+(22+4+GmtOffset)/24,"ddd") | C63: =TEXT((46200)+(22+4+GmtOffset)/24,"mmm d, yyyy") | D63: =TEXT((46200)+(22+4+GmtOffset)/24,"h:mm") | E63: Jordan | H63: Argentina | I63: J | K63: =INDEX(BD60:BD63,MATCH(3,BL60:BL63,0)) | L63: =INDEX(BE60:BE63,MATCH(3,BL60:BL63,0)) | M63: =INDEX(BF60:BF63,MATCH(3,BL60:BL63,0)) | N63: =INDEX(BG60:BG63,MATCH(3,BL60:BL63,0)) | O63: =INDEX(BH60:BH63,MATCH(3,BL60:BL63,0)) | P63: =INDEX(BI60:BI63,MATCH(3,BL60:BL63,0))&" - "&INDEX(BJ60:BJ63,MATCH(3,BL60:BL63,0)) | Q63: =INDEX(BK60:BK63,MATCH(3,BL60:BL63,0)) | W63: =IF(AND(ISNUMBER(T53),ISNUMBER(T54)),IF(T53>T54,S53,IF(T54>T53,S54,IF(NOT(AND(ISNUMBER(U53),ISNUMBER(U54))),"",IF(U53>U54,S53,IF(U54>U53,S54,IF(NOT(AND(ISNUMBER(V53),ISNUMBER(V54))),"",IF(V53>V54,S53,IF(V54>V53,S54,"")))))))),"W85") | BD63: Jordan | BE63: {=SUMPRODUCT((((E59:E64=BD63)+(H59:H64=BD63))>0)*ISNUMBER(F59:F64)*ISNUMBER(G59:G64))} | BF63: {=SUMPRODUCT((E59:E64=BD63)*ISNUMBER(F59:F64)*ISNUMBER(G59:G64)*(F59:F64>G59:G64))+SUMPRODUCT((H59:H64=BD63)*ISNUMBER(F59:F64)*ISNUMBER(G59:G64)*(G59:G64>F59:F64))} | BG63: {=SUMPRODUCT((((E59:E64=BD63)+(H59:H64=BD63))>0)*ISNUMBER(F59:F64)*ISNUMBER(G59:G64)*(F59:F64=G59:G64))} | BH63: =BE63-BF63-BG63 | BI63: {=SUMPRODUCT((E59:E64=BD63)*IFERROR(F59:F64,0))+SUMPRODUCT((H59:H64=BD63)*IFERROR(G59:G64,0))} | BJ63: {=SUMPRODUCT((E59:E64=BD63)*IFERROR(G59:G64,0))+SUMPRODUCT((H59:H64=BD63)*IFERROR(F59:F64,0))} | BK63: =BF63*3+BG63 | BL63: =1+SUMPRODUCT(((BK$60:BK$63>BK63)+(BK$60:BK$63=BK63)*(BM$60:BM$63>BM63)+(BK$60:BK$63=BK63)*(BM$60:BM$63=BM63)*(BN$60:BN$63>BN63)+(BK$60:BK$63=BK63)*(BM$60:BM$63=BM63)*(BN$60:BN$63=BN63)*(BO$60:BO$63>BO63)+(BK$60:BK$63=BK63)*(BM$60:BM$63=BM63)*(BN$60:BN$63=BN63)*(BO$60:BO$63=BO63)*((BI$60:BI$63-BJ$60:BJ$63)>(BI63-BJ63))+(BK$60:BK$63=BK63)*(BM$60:BM$63=BM63)*(BN$60:BN$63=BN63)*(BO$60:BO$63=BO63)*((BI$60:BI$63-BJ$60:BJ$63)=(BI63-BJ63))*(BI$60:BI$63>BI63)+(BK$60:BK$63=BK63)*(BM$60:BM$63=BM63)*(BN$60:BN$63=BN63)*(BO$60:BO$63=BO63)*((BI$60:BI$63-BJ$60:BJ$63)=(BI63-BJ63))*(BI$60:BI$63=BI63)*(ROW(BK$60:BK$63)<ROW(BK63)))*1) | BM63: {=SUMPRODUCT((E$59:E$64=BD63)*ISNUMBER(F$59:F$64)*ISNUMBER(G$59:G$64)*COUNTIFS(BD$60:BD$63,H$59:H$64,BK$60:BK$63,BK63)*((F$59:F$64>G$59:G$64)*3+(F$59:F$64=G$59:G$64)))+SUMPRODUCT((H$59:H$64=BD63)*ISNUMBER(F$59:F$64)*ISNUMBER(G$59:G$64)*COUNTIFS(BD$60:BD$63,E$59:E$64,BK$60:BK$63,BK63)*((G$59:G$64>F$59:F$64)*3+(F$59:F$64=G$59:G$64)))} | BN63: {=SUMPRODUCT((E$59:E$64=BD63)*ISNUMBER(F$59:F$64)*ISNUMBER(G$59:G$64)*COUNTIFS(BD$60:BD$63,H$59:H$64,BK$60:BK$63,BK63)*(F$59:F$64-G$59:G$64))+SUMPRODUCT((H$59:H$64=BD63)*ISNUMBER(F$59:F$64)*ISNUMBER(G$59:G$64)*COUNTIFS(BD$60:BD$63,E$59:E$64,BK$60:BK$63,BK63)*(G$59:G$64-F$59:F$64))} | BO63: {=SUMPRODUCT((E$59:E$64=BD63)*ISNUMBER(F$59:F$64)*ISNUMBER(G$59:G$64)*COUNTIFS(BD$60:BD$63,H$59:H$64,BK$60:BK$63,BK63)*F$59:F$64)+SUMPRODUCT((H$59:H$64=BD63)*ISNUMBER(F$59:F$64)*ISNUMBER(G$59:G$64)*COUNTIFS(BD$60:BD$63,E$59:E$64,BK$60:BK$63,BK63)*G$59:G$64)}
A64: 60 | B64: =TEXT((46200)+(22+4+GmtOffset)/24,"ddd") | C64: =TEXT((46200)+(22+4+GmtOffset)/24,"mmm d, yyyy") | D64: =TEXT((46200)+(22+4+GmtOffset)/24,"h:mm") | E64: Algeria | H64: Austria | I64: J | K64: =INDEX(BD60:BD63,MATCH(4,BL60:BL63,0)) | L64: =INDEX(BE60:BE63,MATCH(4,BL60:BL63,0)) | M64: =INDEX(BF60:BF63,MATCH(4,BL60:BL63,0)) | N64: =INDEX(BG60:BG63,MATCH(4,BL60:BL63,0)) | O64: =INDEX(BH60:BH63,MATCH(4,BL60:BL63,0)) | P64: =INDEX(BI60:BI63,MATCH(4,BL60:BL63,0))&" - "&INDEX(BJ60:BJ63,MATCH(4,BL60:BL63,0)) | Q64: =INDEX(BK60:BK63,MATCH(4,BL60:BL63,0)) | W64: =IF(AND(ISNUMBER(T61),ISNUMBER(T62)),IF(T61>T62,S61,IF(T62>T61,S62,IF(NOT(AND(ISNUMBER(U61),ISNUMBER(U62))),"",IF(U61>U62,S61,IF(U62>U61,S62,IF(NOT(AND(ISNUMBER(V61),ISNUMBER(V62))),"",IF(V61>V62,S61,IF(V62>V61,S62,"")))))))),"W87")
A65: 61 | B65: =TEXT((46190)+(13+4+GmtOffset)/24,"ddd") | C65: =TEXT((46190)+(13+4+GmtOffset)/24,"mmm d, yyyy") | D65: =TEXT((46190)+(13+4+GmtOffset)/24,"h:mm") | E65: Portugal | H65: DR Congo | I65: K | K65: Group K | S65: =IF((COUNTIF($F$5:$G$76,">=0")=144),IFERROR(INDEX($AP$81:$AP$92,4),"Runner-up D"),"Runner-up D")
A66: 62 | B66: =TEXT((46190)+(22+4+GmtOffset)/24,"ddd") | C66: =TEXT((46190)+(22+4+GmtOffset)/24,"mmm d, yyyy") | D66: =TEXT((46190)+(22+4+GmtOffset)/24,"h:mm") | E66: Uzbekistan | H66: Colombia | I66: K | L66: PL | M66: W | N66: D | O66: L | P66: GF - GA | Q66: P | S66: =IF((COUNTIF($F$5:$G$76,">=0")=144),IFERROR(INDEX($AP$81:$AP$92,7),"Runner-up G"),"Runner-up G") | BD66: Portugal | BE66: {=SUMPRODUCT((((E65:E70=BD66)+(H65:H70=BD66))>0)*ISNUMBER(F65:F70)*ISNUMBER(G65:G70))} | BF66: {=SUMPRODUCT((E65:E70=BD66)*ISNUMBER(F65:F70)*ISNUMBER(G65:G70)*(F65:F70>G65:G70))+SUMPRODUCT((H65:H70=BD66)*ISNUMBER(F65:F70)*ISNUMBER(G65:G70)*(G65:G70>F65:F70))} | BG66: {=SUMPRODUCT((((E65:E70=BD66)+(H65:H70=BD66))>0)*ISNUMBER(F65:F70)*ISNUMBER(G65:G70)*(F65:F70=G65:G70))} | BH66: =BE66-BF66-BG66 | BI66: {=SUMPRODUCT((E65:E70=BD66)*IFERROR(F65:F70,0))+SUMPRODUCT((H65:H70=BD66)*IFERROR(G65:G70,0))} | BJ66: {=SUMPRODUCT((E65:E70=BD66)*IFERROR(G65:G70,0))+SUMPRODUCT((H65:H70=BD66)*IFERROR(F65:F70,0))} | BK66: =BF66*3+BG66 | BL66: =1+SUMPRODUCT(((BK$66:BK$69>BK66)+(BK$66:BK$69=BK66)*(BM$66:BM$69>BM66)+(BK$66:BK$69=BK66)*(BM$66:BM$69=BM66)*(BN$66:BN$69>BN66)+(BK$66:BK$69=BK66)*(BM$66:BM$69=BM66)*(BN$66:BN$69=BN66)*(BO$66:BO$69>BO66)+(BK$66:BK$69=BK66)*(BM$66:BM$69=BM66)*(BN$66:BN$69=BN66)*(BO$66:BO$69=BO66)*((BI$66:BI$69-BJ$66:BJ$69)>(BI66-BJ66))+(BK$66:BK$69=BK66)*(BM$66:BM$69=BM66)*(BN$66:BN$69=BN66)*(BO$66:BO$69=BO66)*((BI$66:BI$69-BJ$66:BJ$69)=(BI66-BJ66))*(BI$66:BI$69>BI66)+(BK$66:BK$69=BK66)*(BM$66:BM$69=BM66)*(BN$66:BN$69=BN66)*(BO$66:BO$69=BO66)*((BI$66:BI$69-BJ$66:BJ$69)=(BI66-BJ66))*(BI$66:BI$69=BI66)*(ROW(BK$66:BK$69)<ROW(BK66)))*1) | BM66: {=SUMPRODUCT((E$65:E$70=BD66)*ISNUMBER(F$65:F$70)*ISNUMBER(G$65:G$70)*COUNTIFS(BD$66:BD$69,H$65:H$70,BK$66:BK$69,BK66)*((F$65:F$70>G$65:G$70)*3+(F$65:F$70=G$65:G$70)))+SUMPRODUCT((H$65:H$70=BD66)*ISNUMBER(F$65:F$70)*ISNUMBER(G$65:G$70)*COUNTIFS(BD$66:BD$69,E$65:E$70,BK$66:BK$69,BK66)*((G$65:G$70>F$65:F$70)*3+(F$65:F$70=G$65:G$70)))} | BN66: {=SUMPRODUCT((E$65:E$70=BD66)*ISNUMBER(F$65:F$70)*ISNUMBER(G$65:G$70)*COUNTIFS(BD$66:BD$69,H$65:H$70,BK$66:BK$69,BK66)*(F$65:F$70-G$65:G$70))+SUMPRODUCT((H$65:H$70=BD66)*ISNUMBER(F$65:F$70)*ISNUMBER(G$65:G$70)*COUNTIFS(BD$66:BD$69,E$65:E$70,BK$66:BK$69,BK66)*(G$65:G$70-F$65:F$70))} | BO66: {=SUMPRODUCT((E$65:E$70=BD66)*ISNUMBER(F$65:F$70)*ISNUMBER(G$65:G$70)*COUNTIFS(BD$66:BD$69,H$65:H$70,BK$66:BK$69,BK66)*F$65:F$70)+SUMPRODUCT((H$65:H$70=BD66)*ISNUMBER(F$65:F$70)*ISNUMBER(G$65:G$70)*COUNTIFS(BD$66:BD$69,E$65:E$70,BK$66:BK$69,BK66)*G$65:G$70)}
A67: 63 | B67: =TEXT((46196)+(13+4+GmtOffset)/24,"ddd") | C67: =TEXT((46196)+(13+4+GmtOffset)/24,"mmm d, yyyy") | D67: =TEXT((46196)+(13+4+GmtOffset)/24,"h:mm") | E67: Portugal | H67: Uzbekistan | I67: K | K67: =INDEX(BD66:BD69,MATCH(1,BL66:BL69,0)) | L67: =INDEX(BE66:BE69,MATCH(1,BL66:BL69,0)) | M67: =INDEX(BF66:BF69,MATCH(1,BL66:BL69,0)) | N67: =INDEX(BG66:BG69,MATCH(1,BL66:BL69,0)) | O67: =INDEX(BH66:BH69,MATCH(1,BL66:BL69,0)) | P67: =INDEX(BI66:BI69,MATCH(1,BL66:BL69,0))&" - "&INDEX(BJ66:BJ69,MATCH(1,BL66:BL69,0)) | Q67: =INDEX(BK66:BK69,MATCH(1,BL66:BL69,0)) | BD67: DR Congo | BE67: {=SUMPRODUCT((((E65:E70=BD67)+(H65:H70=BD67))>0)*ISNUMBER(F65:F70)*ISNUMBER(G65:G70))} | BF67: {=SUMPRODUCT((E65:E70=BD67)*ISNUMBER(F65:F70)*ISNUMBER(G65:G70)*(F65:F70>G65:G70))+SUMPRODUCT((H65:H70=BD67)*ISNUMBER(F65:F70)*ISNUMBER(G65:G70)*(G65:G70>F65:F70))} | BG67: {=SUMPRODUCT((((E65:E70=BD67)+(H65:H70=BD67))>0)*ISNUMBER(F65:F70)*ISNUMBER(G65:G70)*(F65:F70=G65:G70))} | BH67: =BE67-BF67-BG67 | BI67: {=SUMPRODUCT((E65:E70=BD67)*IFERROR(F65:F70,0))+SUMPRODUCT((H65:H70=BD67)*IFERROR(G65:G70,0))} | BJ67: {=SUMPRODUCT((E65:E70=BD67)*IFERROR(G65:G70,0))+SUMPRODUCT((H65:H70=BD67)*IFERROR(F65:F70,0))} | BK67: =BF67*3+BG67 | BL67: =1+SUMPRODUCT(((BK$66:BK$69>BK67)+(BK$66:BK$69=BK67)*(BM$66:BM$69>BM67)+(BK$66:BK$69=BK67)*(BM$66:BM$69=BM67)*(BN$66:BN$69>BN67)+(BK$66:BK$69=BK67)*(BM$66:BM$69=BM67)*(BN$66:BN$69=BN67)*(BO$66:BO$69>BO67)+(BK$66:BK$69=BK67)*(BM$66:BM$69=BM67)*(BN$66:BN$69=BN67)*(BO$66:BO$69=BO67)*((BI$66:BI$69-BJ$66:BJ$69)>(BI67-BJ67))+(BK$66:BK$69=BK67)*(BM$66:BM$69=BM67)*(BN$66:BN$69=BN67)*(BO$66:BO$69=BO67)*((BI$66:BI$69-BJ$66:BJ$69)=(BI67-BJ67))*(BI$66:BI$69>BI67)+(BK$66:BK$69=BK67)*(BM$66:BM$69=BM67)*(BN$66:BN$69=BN67)*(BO$66:BO$69=BO67)*((BI$66:BI$69-BJ$66:BJ$69)=(BI67-BJ67))*(BI$66:BI$69=BI67)*(ROW(BK$66:BK$69)<ROW(BK67)))*1) | BM67: {=SUMPRODUCT((E$65:E$70=BD67)*ISNUMBER(F$65:F$70)*ISNUMBER(G$65:G$70)*COUNTIFS(BD$66:BD$69,H$65:H$70,BK$66:BK$69,BK67)*((F$65:F$70>G$65:G$70)*3+(F$65:F$70=G$65:G$70)))+SUMPRODUCT((H$65:H$70=BD67)*ISNUMBER(F$65:F$70)*ISNUMBER(G$65:G$70)*COUNTIFS(BD$66:BD$69,E$65:E$70,BK$66:BK$69,BK67)*((G$65:G$70>F$65:F$70)*3+(F$65:F$70=G$65:G$70)))} | BN67: {=SUMPRODUCT((E$65:E$70=BD67)*ISNUMBER(F$65:F$70)*ISNUMBER(G$65:G$70)*COUNTIFS(BD$66:BD$69,H$65:H$70,BK$66:BK$69,BK67)*(F$65:F$70-G$65:G$70))+SUMPRODUCT((H$65:H$70=BD67)*ISNUMBER(F$65:F$70)*ISNUMBER(G$65:G$70)*COUNTIFS(BD$66:BD$69,E$65:E$70,BK$66:BK$69,BK67)*(G$65:G$70-F$65:F$70))} | BO67: {=SUMPRODUCT((E$65:E$70=BD67)*ISNUMBER(F$65:F$70)*ISNUMBER(G$65:G$70)*COUNTIFS(BD$66:BD$69,H$65:H$70,BK$66:BK$69,BK67)*F$65:F$70)+SUMPRODUCT((H$65:H$70=BD67)*ISNUMBER(F$65:F$70)*ISNUMBER(G$65:G$70)*COUNTIFS(BD$66:BD$69,E$65:E$70,BK$66:BK$69,BK67)*G$65:G$70)}
A68: 64 | B68: =TEXT((46196)+(22+4+GmtOffset)/24,"ddd") | C68: =TEXT((46196)+(22+4+GmtOffset)/24,"mmm d, yyyy") | D68: =TEXT((46196)+(22+4+GmtOffset)/24,"h:mm") | E68: Colombia | H68: DR Congo | I68: K | K68: =INDEX(BD66:BD69,MATCH(2,BL66:BL69,0)) | L68: =INDEX(BE66:BE69,MATCH(2,BL66:BL69,0)) | M68: =INDEX(BF66:BF69,MATCH(2,BL66:BL69,0)) | N68: =INDEX(BG66:BG69,MATCH(2,BL66:BL69,0)) | O68: =INDEX(BH66:BH69,MATCH(2,BL66:BL69,0)) | P68: =INDEX(BI66:BI69,MATCH(2,BL66:BL69,0))&" - "&INDEX(BJ66:BJ69,MATCH(2,BL66:BL69,0)) | Q68: =INDEX(BK66:BK69,MATCH(2,BL66:BL69,0)) | BD68: Uzbekistan | BE68: {=SUMPRODUCT((((E65:E70=BD68)+(H65:H70=BD68))>0)*ISNUMBER(F65:F70)*ISNUMBER(G65:G70))} | BF68: {=SUMPRODUCT((E65:E70=BD68)*ISNUMBER(F65:F70)*ISNUMBER(G65:G70)*(F65:F70>G65:G70))+SUMPRODUCT((H65:H70=BD68)*ISNUMBER(F65:F70)*ISNUMBER(G65:G70)*(G65:G70>F65:F70))} | BG68: {=SUMPRODUCT((((E65:E70=BD68)+(H65:H70=BD68))>0)*ISNUMBER(F65:F70)*ISNUMBER(G65:G70)*(F65:F70=G65:G70))} | BH68: =BE68-BF68-BG68 | BI68: {=SUMPRODUCT((E65:E70=BD68)*IFERROR(F65:F70,0))+SUMPRODUCT((H65:H70=BD68)*IFERROR(G65:G70,0))} | BJ68: {=SUMPRODUCT((E65:E70=BD68)*IFERROR(G65:G70,0))+SUMPRODUCT((H65:H70=BD68)*IFERROR(F65:F70,0))} | BK68: =BF68*3+BG68 | BL68: =1+SUMPRODUCT(((BK$66:BK$69>BK68)+(BK$66:BK$69=BK68)*(BM$66:BM$69>BM68)+(BK$66:BK$69=BK68)*(BM$66:BM$69=BM68)*(BN$66:BN$69>BN68)+(BK$66:BK$69=BK68)*(BM$66:BM$69=BM68)*(BN$66:BN$69=BN68)*(BO$66:BO$69>BO68)+(BK$66:BK$69=BK68)*(BM$66:BM$69=BM68)*(BN$66:BN$69=BN68)*(BO$66:BO$69=BO68)*((BI$66:BI$69-BJ$66:BJ$69)>(BI68-BJ68))+(BK$66:BK$69=BK68)*(BM$66:BM$69=BM68)*(BN$66:BN$69=BN68)*(BO$66:BO$69=BO68)*((BI$66:BI$69-BJ$66:BJ$69)=(BI68-BJ68))*(BI$66:BI$69>BI68)+(BK$66:BK$69=BK68)*(BM$66:BM$69=BM68)*(BN$66:BN$69=BN68)*(BO$66:BO$69=BO68)*((BI$66:BI$69-BJ$66:BJ$69)=(BI68-BJ68))*(BI$66:BI$69=BI68)*(ROW(BK$66:BK$69)<ROW(BK68)))*1) | BM68: {=SUMPRODUCT((E$65:E$70=BD68)*ISNUMBER(F$65:F$70)*ISNUMBER(G$65:G$70)*COUNTIFS(BD$66:BD$69,H$65:H$70,BK$66:BK$69,BK68)*((F$65:F$70>G$65:G$70)*3+(F$65:F$70=G$65:G$70)))+SUMPRODUCT((H$65:H$70=BD68)*ISNUMBER(F$65:F$70)*ISNUMBER(G$65:G$70)*COUNTIFS(BD$66:BD$69,E$65:E$70,BK$66:BK$69,BK68)*((G$65:G$70>F$65:F$70)*3+(F$65:F$70=G$65:G$70)))} | BN68: {=SUMPRODUCT((E$65:E$70=BD68)*ISNUMBER(F$65:F$70)*ISNUMBER(G$65:G$70)*COUNTIFS(BD$66:BD$69,H$65:H$70,BK$66:BK$69,BK68)*(F$65:F$70-G$65:G$70))+SUMPRODUCT((H$65:H$70=BD68)*ISNUMBER(F$65:F$70)*ISNUMBER(G$65:G$70)*COUNTIFS(BD$66:BD$69,E$65:E$70,BK$66:BK$69,BK68)*(G$65:G$70-F$65:F$70))} | BO68: {=SUMPRODUCT((E$65:E$70=BD68)*ISNUMBER(F$65:F$70)*ISNUMBER(G$65:G$70)*COUNTIFS(BD$66:BD$69,H$65:H$70,BK$66:BK$69,BK68)*F$65:F$70)+SUMPRODUCT((H$65:H$70=BD68)*ISNUMBER(F$65:F$70)*ISNUMBER(G$65:G$70)*COUNTIFS(BD$66:BD$69,E$65:E$70,BK$66:BK$69,BK68)*G$65:G$70)}
A69: 65 | B69: =TEXT((46200)+(19.5+4+GmtOffset)/24,"ddd") | C69: =TEXT((46200)+(19.5+4+GmtOffset)/24,"mmm d, yyyy") | D69: =TEXT((46200)+(19.5+4+GmtOffset)/24,"h:mm") | E69: Colombia | H69: Portugal | I69: K | K69: =INDEX(BD66:BD69,MATCH(3,BL66:BL69,0)) | L69: =INDEX(BE66:BE69,MATCH(3,BL66:BL69,0)) | M69: =INDEX(BF66:BF69,MATCH(3,BL66:BL69,0)) | N69: =INDEX(BG66:BG69,MATCH(3,BL66:BL69,0)) | O69: =INDEX(BH66:BH69,MATCH(3,BL66:BL69,0)) | P69: =INDEX(BI66:BI69,MATCH(3,BL66:BL69,0))&" - "&INDEX(BJ66:BJ69,MATCH(3,BL66:BL69,0)) | Q69: =INDEX(BK66:BK69,MATCH(3,BL66:BL69,0)) | BD69: Colombia | BE69: {=SUMPRODUCT((((E65:E70=BD69)+(H65:H70=BD69))>0)*ISNUMBER(F65:F70)*ISNUMBER(G65:G70))} | BF69: {=SUMPRODUCT((E65:E70=BD69)*ISNUMBER(F65:F70)*ISNUMBER(G65:G70)*(F65:F70>G65:G70))+SUMPRODUCT((H65:H70=BD69)*ISNUMBER(F65:F70)*ISNUMBER(G65:G70)*(G65:G70>F65:F70))} | BG69: {=SUMPRODUCT((((E65:E70=BD69)+(H65:H70=BD69))>0)*ISNUMBER(F65:F70)*ISNUMBER(G65:G70)*(F65:F70=G65:G70))} | BH69: =BE69-BF69-BG69 | BI69: {=SUMPRODUCT((E65:E70=BD69)*IFERROR(F65:F70,0))+SUMPRODUCT((H65:H70=BD69)*IFERROR(G65:G70,0))} | BJ69: {=SUMPRODUCT((E65:E70=BD69)*IFERROR(G65:G70,0))+SUMPRODUCT((H65:H70=BD69)*IFERROR(F65:F70,0))} | BK69: =BF69*3+BG69 | BL69: =1+SUMPRODUCT(((BK$66:BK$69>BK69)+(BK$66:BK$69=BK69)*(BM$66:BM$69>BM69)+(BK$66:BK$69=BK69)*(BM$66:BM$69=BM69)*(BN$66:BN$69>BN69)+(BK$66:BK$69=BK69)*(BM$66:BM$69=BM69)*(BN$66:BN$69=BN69)*(BO$66:BO$69>BO69)+(BK$66:BK$69=BK69)*(BM$66:BM$69=BM69)*(BN$66:BN$69=BN69)*(BO$66:BO$69=BO69)*((BI$66:BI$69-BJ$66:BJ$69)>(BI69-BJ69))+(BK$66:BK$69=BK69)*(BM$66:BM$69=BM69)*(BN$66:BN$69=BN69)*(BO$66:BO$69=BO69)*((BI$66:BI$69-BJ$66:BJ$69)=(BI69-BJ69))*(BI$66:BI$69>BI69)+(BK$66:BK$69=BK69)*(BM$66:BM$69=BM69)*(BN$66:BN$69=BN69)*(BO$66:BO$69=BO69)*((BI$66:BI$69-BJ$66:BJ$69)=(BI69-BJ69))*(BI$66:BI$69=BI69)*(ROW(BK$66:BK$69)<ROW(BK69)))*1) | BM69: {=SUMPRODUCT((E$65:E$70=BD69)*ISNUMBER(F$65:F$70)*ISNUMBER(G$65:G$70)*COUNTIFS(BD$66:BD$69,H$65:H$70,BK$66:BK$69,BK69)*((F$65:F$70>G$65:G$70)*3+(F$65:F$70=G$65:G$70)))+SUMPRODUCT((H$65:H$70=BD69)*ISNUMBER(F$65:F$70)*ISNUMBER(G$65:G$70)*COUNTIFS(BD$66:BD$69,E$65:E$70,BK$66:BK$69,BK69)*((G$65:G$70>F$65:F$70)*3+(F$65:F$70=G$65:G$70)))} | BN69: {=SUMPRODUCT((E$65:E$70=BD69)*ISNUMBER(F$65:F$70)*ISNUMBER(G$65:G$70)*COUNTIFS(BD$66:BD$69,H$65:H$70,BK$66:BK$69,BK69)*(F$65:F$70-G$65:G$70))+SUMPRODUCT((H$65:H$70=BD69)*ISNUMBER(F$65:F$70)*ISNUMBER(G$65:G$70)*COUNTIFS(BD$66:BD$69,E$65:E$70,BK$66:BK$69,BK69)*(G$65:G$70-F$65:F$70))} | BO69: {=SUMPRODUCT((E$65:E$70=BD69)*ISNUMBER(F$65:F$70)*ISNUMBER(G$65:G$70)*COUNTIFS(BD$66:BD$69,H$65:H$70,BK$66:BK$69,BK69)*F$65:F$70)+SUMPRODUCT((H$65:H$70=BD69)*ISNUMBER(F$65:F$70)*ISNUMBER(G$65:G$70)*COUNTIFS(BD$66:BD$69,E$65:E$70,BK$66:BK$69,BK69)*G$65:G$70)}
A70: 66 | B70: =TEXT((46200)+(19.5+4+GmtOffset)/24,"ddd") | C70: =TEXT((46200)+(19.5+4+GmtOffset)/24,"mmm d, yyyy") | D70: =TEXT((46200)+(19.5+4+GmtOffset)/24,"h:mm") | E70: DR Congo | H70: Uzbekistan | I70: K | K70: =INDEX(BD66:BD69,MATCH(4,BL66:BL69,0)) | L70: =INDEX(BE66:BE69,MATCH(4,BL66:BL69,0)) | M70: =INDEX(BF66:BF69,MATCH(4,BL66:BL69,0)) | N70: =INDEX(BG66:BG69,MATCH(4,BL66:BL69,0)) | O70: =INDEX(BH66:BH69,MATCH(4,BL66:BL69,0)) | P70: =INDEX(BI66:BI69,MATCH(4,BL66:BL69,0))&" - "&INDEX(BJ66:BJ69,MATCH(4,BL66:BL69,0)) | Q70: =INDEX(BK66:BK69,MATCH(4,BL66:BL69,0))
A71: 67 | B71: =TEXT((46190)+(16+4+GmtOffset)/24,"ddd") | C71: =TEXT((46190)+(16+4+GmtOffset)/24,"mmm d, yyyy") | D71: =TEXT((46190)+(16+4+GmtOffset)/24,"h:mm") | E71: England | H71: Croatia | I71: L | K71: Group L
A72: 68 | B72: =TEXT((46190)+(19+4+GmtOffset)/24,"ddd") | C72: =TEXT((46190)+(19+4+GmtOffset)/24,"mmm d, yyyy") | D72: =TEXT((46190)+(19+4+GmtOffset)/24,"h:mm") | E72: Ghana | H72: Panama | I72: L | L72: PL | M72: W | N72: D | O72: L | P72: GF - GA | Q72: P | BD72: England | BE72: {=SUMPRODUCT((((E71:E76=BD72)+(H71:H76=BD72))>0)*ISNUMBER(F71:F76)*ISNUMBER(G71:G76))} | BF72: {=SUMPRODUCT((E71:E76=BD72)*ISNUMBER(F71:F76)*ISNUMBER(G71:G76)*(F71:F76>G71:G76))+SUMPRODUCT((H71:H76=BD72)*ISNUMBER(F71:F76)*ISNUMBER(G71:G76)*(G71:G76>F71:F76))} | BG72: {=SUMPRODUCT((((E71:E76=BD72)+(H71:H76=BD72))>0)*ISNUMBER(F71:F76)*ISNUMBER(G71:G76)*(F71:F76=G71:G76))} | BH72: =BE72-BF72-BG72 | BI72: {=SUMPRODUCT((E71:E76=BD72)*IFERROR(F71:F76,0))+SUMPRODUCT((H71:H76=BD72)*IFERROR(G71:G76,0))} | BJ72: {=SUMPRODUCT((E71:E76=BD72)*IFERROR(G71:G76,0))+SUMPRODUCT((H71:H76=BD72)*IFERROR(F71:F76,0))} | BK72: =BF72*3+BG72 | BL72: =1+SUMPRODUCT(((BK$72:BK$75>BK72)+(BK$72:BK$75=BK72)*(BM$72:BM$75>BM72)+(BK$72:BK$75=BK72)*(BM$72:BM$75=BM72)*(BN$72:BN$75>BN72)+(BK$72:BK$75=BK72)*(BM$72:BM$75=BM72)*(BN$72:BN$75=BN72)*(BO$72:BO$75>BO72)+(BK$72:BK$75=BK72)*(BM$72:BM$75=BM72)*(BN$72:BN$75=BN72)*(BO$72:BO$75=BO72)*((BI$72:BI$75-BJ$72:BJ$75)>(BI72-BJ72))+(BK$72:BK$75=BK72)*(BM$72:BM$75=BM72)*(BN$72:BN$75=BN72)*(BO$72:BO$75=BO72)*((BI$72:BI$75-BJ$72:BJ$75)=(BI72-BJ72))*(BI$72:BI$75>BI72)+(BK$72:BK$75=BK72)*(BM$72:BM$75=BM72)*(BN$72:BN$75=BN72)*(BO$72:BO$75=BO72)*((BI$72:BI$75-BJ$72:BJ$75)=(BI72-BJ72))*(BI$72:BI$75=BI72)*(ROW(BK$72:BK$75)<ROW(BK72)))*1) | BM72: {=SUMPRODUCT((E$71:E$76=BD72)*ISNUMBER(F$71:F$76)*ISNUMBER(G$71:G$76)*COUNTIFS(BD$72:BD$75,H$71:H$76,BK$72:BK$75,BK72)*((F$71:F$76>G$71:G$76)*3+(F$71:F$76=G$71:G$76)))+SUMPRODUCT((H$71:H$76=BD72)*ISNUMBER(F$71:F$76)*ISNUMBER(G$71:G$76)*COUNTIFS(BD$72:BD$75,E$71:E$76,BK$72:BK$75,BK72)*((G$71:G$76>F$71:F$76)*3+(F$71:F$76=G$71:G$76)))} | BN72: {=SUMPRODUCT((E$71:E$76=BD72)*ISNUMBER(F$71:F$76)*ISNUMBER(G$71:G$76)*COUNTIFS(BD$72:BD$75,H$71:H$76,BK$72:BK$75,BK72)*(F$71:F$76-G$71:G$76))+SUMPRODUCT((H$71:H$76=BD72)*ISNUMBER(F$71:F$76)*ISNUMBER(G$71:G$76)*COUNTIFS(BD$72:BD$75,E$71:E$76,BK$72:BK$75,BK72)*(G$71:G$76-F$71:F$76))} | BO72: {=SUMPRODUCT((E$71:E$76=BD72)*ISNUMBER(F$71:F$76)*ISNUMBER(G$71:G$76)*COUNTIFS(BD$72:BD$75,H$71:H$76,BK$72:BK$75,BK72)*F$71:F$76)+SUMPRODUCT((H$71:H$76=BD72)*ISNUMBER(F$71:F$76)*ISNUMBER(G$71:G$76)*COUNTIFS(BD$72:BD$75,E$71:E$76,BK$72:BK$75,BK72)*G$71:G$76)}
A73: 69 | B73: =TEXT((46196)+(16+4+GmtOffset)/24,"ddd") | C73: =TEXT((46196)+(16+4+GmtOffset)/24,"mmm d, yyyy") | D73: =TEXT((46196)+(16+4+GmtOffset)/24,"h:mm") | E73: England | H73: Ghana | I73: L | K73: =INDEX(BD72:BD75,MATCH(1,BL72:BL75,0)) | L73: =INDEX(BE72:BE75,MATCH(1,BL72:BL75,0)) | M73: =INDEX(BF72:BF75,MATCH(1,BL72:BL75,0)) | N73: =INDEX(BG72:BG75,MATCH(1,BL72:BL75,0)) | O73: =INDEX(BH72:BH75,MATCH(1,BL72:BL75,0)) | P73: =INDEX(BI72:BI75,MATCH(1,BL72:BL75,0))&" - "&INDEX(BJ72:BJ75,MATCH(1,BL72:BL75,0)) | Q73: =INDEX(BK72:BK75,MATCH(1,BL72:BL75,0)) | BD73: Croatia | BE73: {=SUMPRODUCT((((E71:E76=BD73)+(H71:H76=BD73))>0)*ISNUMBER(F71:F76)*ISNUMBER(G71:G76))} | BF73: {=SUMPRODUCT((E71:E76=BD73)*ISNUMBER(F71:F76)*ISNUMBER(G71:G76)*(F71:F76>G71:G76))+SUMPRODUCT((H71:H76=BD73)*ISNUMBER(F71:F76)*ISNUMBER(G71:G76)*(G71:G76>F71:F76))} | BG73: {=SUMPRODUCT((((E71:E76=BD73)+(H71:H76=BD73))>0)*ISNUMBER(F71:F76)*ISNUMBER(G71:G76)*(F71:F76=G71:G76))} | BH73: =BE73-BF73-BG73 | BI73: {=SUMPRODUCT((E71:E76=BD73)*IFERROR(F71:F76,0))+SUMPRODUCT((H71:H76=BD73)*IFERROR(G71:G76,0))} | BJ73: {=SUMPRODUCT((E71:E76=BD73)*IFERROR(G71:G76,0))+SUMPRODUCT((H71:H76=BD73)*IFERROR(F71:F76,0))} | BK73: =BF73*3+BG73 | BL73: =1+SUMPRODUCT(((BK$72:BK$75>BK73)+(BK$72:BK$75=BK73)*(BM$72:BM$75>BM73)+(BK$72:BK$75=BK73)*(BM$72:BM$75=BM73)*(BN$72:BN$75>BN73)+(BK$72:BK$75=BK73)*(BM$72:BM$75=BM73)*(BN$72:BN$75=BN73)*(BO$72:BO$75>BO73)+(BK$72:BK$75=BK73)*(BM$72:BM$75=BM73)*(BN$72:BN$75=BN73)*(BO$72:BO$75=BO73)*((BI$72:BI$75-BJ$72:BJ$75)>(BI73-BJ73))+(BK$72:BK$75=BK73)*(BM$72:BM$75=BM73)*(BN$72:BN$75=BN73)*(BO$72:BO$75=BO73)*((BI$72:BI$75-BJ$72:BJ$75)=(BI73-BJ73))*(BI$72:BI$75>BI73)+(BK$72:BK$75=BK73)*(BM$72:BM$75=BM73)*(BN$72:BN$75=BN73)*(BO$72:BO$75=BO73)*((BI$72:BI$75-BJ$72:BJ$75)=(BI73-BJ73))*(BI$72:BI$75=BI73)*(ROW(BK$72:BK$75)<ROW(BK73)))*1) | BM73: {=SUMPRODUCT((E$71:E$76=BD73)*ISNUMBER(F$71:F$76)*ISNUMBER(G$71:G$76)*COUNTIFS(BD$72:BD$75,H$71:H$76,BK$72:BK$75,BK73)*((F$71:F$76>G$71:G$76)*3+(F$71:F$76=G$71:G$76)))+SUMPRODUCT((H$71:H$76=BD73)*ISNUMBER(F$71:F$76)*ISNUMBER(G$71:G$76)*COUNTIFS(BD$72:BD$75,E$71:E$76,BK$72:BK$75,BK73)*((G$71:G$76>F$71:F$76)*3+(F$71:F$76=G$71:G$76)))} | BN73: {=SUMPRODUCT((E$71:E$76=BD73)*ISNUMBER(F$71:F$76)*ISNUMBER(G$71:G$76)*COUNTIFS(BD$72:BD$75,H$71:H$76,BK$72:BK$75,BK73)*(F$71:F$76-G$71:G$76))+SUMPRODUCT((H$71:H$76=BD73)*ISNUMBER(F$71:F$76)*ISNUMBER(G$71:G$76)*COUNTIFS(BD$72:BD$75,E$71:E$76,BK$72:BK$75,BK73)*(G$71:G$76-F$71:F$76))} | BO73: {=SUMPRODUCT((E$71:E$76=BD73)*ISNUMBER(F$71:F$76)*ISNUMBER(G$71:G$76)*COUNTIFS(BD$72:BD$75,H$71:H$76,BK$72:BK$75,BK73)*F$71:F$76)+SUMPRODUCT((H$71:H$76=BD73)*ISNUMBER(F$71:F$76)*ISNUMBER(G$71:G$76)*COUNTIFS(BD$72:BD$75,E$71:E$76,BK$72:BK$75,BK73)*G$71:G$76)}
A74: 70 | B74: =TEXT((46196)+(19+4+GmtOffset)/24,"ddd") | C74: =TEXT((46196)+(19+4+GmtOffset)/24,"mmm d, yyyy") | D74: =TEXT((46196)+(19+4+GmtOffset)/24,"h:mm") | E74: Panama | H74: Croatia | I74: L | K74: =INDEX(BD72:BD75,MATCH(2,BL72:BL75,0)) | L74: =INDEX(BE72:BE75,MATCH(2,BL72:BL75,0)) | M74: =INDEX(BF72:BF75,MATCH(2,BL72:BL75,0)) | N74: =INDEX(BG72:BG75,MATCH(2,BL72:BL75,0)) | O74: =INDEX(BH72:BH75,MATCH(2,BL72:BL75,0)) | P74: =INDEX(BI72:BI75,MATCH(2,BL72:BL75,0))&" - "&INDEX(BJ72:BJ75,MATCH(2,BL72:BL75,0)) | Q74: =INDEX(BK72:BK75,MATCH(2,BL72:BL75,0)) | BD74: Ghana | BE74: {=SUMPRODUCT((((E71:E76=BD74)+(H71:H76=BD74))>0)*ISNUMBER(F71:F76)*ISNUMBER(G71:G76))} | BF74: {=SUMPRODUCT((E71:E76=BD74)*ISNUMBER(F71:F76)*ISNUMBER(G71:G76)*(F71:F76>G71:G76))+SUMPRODUCT((H71:H76=BD74)*ISNUMBER(F71:F76)*ISNUMBER(G71:G76)*(G71:G76>F71:F76))} | BG74: {=SUMPRODUCT((((E71:E76=BD74)+(H71:H76=BD74))>0)*ISNUMBER(F71:F76)*ISNUMBER(G71:G76)*(F71:F76=G71:G76))} | BH74: =BE74-BF74-BG74 | BI74: {=SUMPRODUCT((E71:E76=BD74)*IFERROR(F71:F76,0))+SUMPRODUCT((H71:H76=BD74)*IFERROR(G71:G76,0))} | BJ74: {=SUMPRODUCT((E71:E76=BD74)*IFERROR(G71:G76,0))+SUMPRODUCT((H71:H76=BD74)*IFERROR(F71:F76,0))} | BK74: =BF74*3+BG74 | BL74: =1+SUMPRODUCT(((BK$72:BK$75>BK74)+(BK$72:BK$75=BK74)*(BM$72:BM$75>BM74)+(BK$72:BK$75=BK74)*(BM$72:BM$75=BM74)*(BN$72:BN$75>BN74)+(BK$72:BK$75=BK74)*(BM$72:BM$75=BM74)*(BN$72:BN$75=BN74)*(BO$72:BO$75>BO74)+(BK$72:BK$75=BK74)*(BM$72:BM$75=BM74)*(BN$72:BN$75=BN74)*(BO$72:BO$75=BO74)*((BI$72:BI$75-BJ$72:BJ$75)>(BI74-BJ74))+(BK$72:BK$75=BK74)*(BM$72:BM$75=BM74)*(BN$72:BN$75=BN74)*(BO$72:BO$75=BO74)*((BI$72:BI$75-BJ$72:BJ$75)=(BI74-BJ74))*(BI$72:BI$75>BI74)+(BK$72:BK$75=BK74)*(BM$72:BM$75=BM74)*(BN$72:BN$75=BN74)*(BO$72:BO$75=BO74)*((BI$72:BI$75-BJ$72:BJ$75)=(BI74-BJ74))*(BI$72:BI$75=BI74)*(ROW(BK$72:BK$75)<ROW(BK74)))*1) | BM74: {=SUMPRODUCT((E$71:E$76=BD74)*ISNUMBER(F$71:F$76)*ISNUMBER(G$71:G$76)*COUNTIFS(BD$72:BD$75,H$71:H$76,BK$72:BK$75,BK74)*((F$71:F$76>G$71:G$76)*3+(F$71:F$76=G$71:G$76)))+SUMPRODUCT((H$71:H$76=BD74)*ISNUMBER(F$71:F$76)*ISNUMBER(G$71:G$76)*COUNTIFS(BD$72:BD$75,E$71:E$76,BK$72:BK$75,BK74)*((G$71:G$76>F$71:F$76)*3+(F$71:F$76=G$71:G$76)))} | BN74: {=SUMPRODUCT((E$71:E$76=BD74)*ISNUMBER(F$71:F$76)*ISNUMBER(G$71:G$76)*COUNTIFS(BD$72:BD$75,H$71:H$76,BK$72:BK$75,BK74)*(F$71:F$76-G$71:G$76))+SUMPRODUCT((H$71:H$76=BD74)*ISNUMBER(F$71:F$76)*ISNUMBER(G$71:G$76)*COUNTIFS(BD$72:BD$75,E$71:E$76,BK$72:BK$75,BK74)*(G$71:G$76-F$71:F$76))} | BO74: {=SUMPRODUCT((E$71:E$76=BD74)*ISNUMBER(F$71:F$76)*ISNUMBER(G$71:G$76)*COUNTIFS(BD$72:BD$75,H$71:H$76,BK$72:BK$75,BK74)*F$71:F$76)+SUMPRODUCT((H$71:H$76=BD74)*ISNUMBER(F$71:F$76)*ISNUMBER(G$71:G$76)*COUNTIFS(BD$72:BD$75,E$71:E$76,BK$72:BK$75,BK74)*G$71:G$76)}
A75: 71 | B75: =TEXT((46200)+(17+4+GmtOffset)/24,"ddd") | C75: =TEXT((46200)+(17+4+GmtOffset)/24,"mmm d, yyyy") | D75: =TEXT((46200)+(17+4+GmtOffset)/24,"h:mm") | E75: Panama | H75: England | I75: L | K75: =INDEX(BD72:BD75,MATCH(3,BL72:BL75,0)) | L75: =INDEX(BE72:BE75,MATCH(3,BL72:BL75,0)) | M75: =INDEX(BF72:BF75,MATCH(3,BL72:BL75,0)) | N75: =INDEX(BG72:BG75,MATCH(3,BL72:BL75,0)) | O75: =INDEX(BH72:BH75,MATCH(3,BL72:BL75,0)) | P75: =INDEX(BI72:BI75,MATCH(3,BL72:BL75,0))&" - "&INDEX(BJ72:BJ75,MATCH(3,BL72:BL75,0)) | Q75: =INDEX(BK72:BK75,MATCH(3,BL72:BL75,0)) | BD75: Panama | BE75: {=SUMPRODUCT((((E71:E76=BD75)+(H71:H76=BD75))>0)*ISNUMBER(F71:F76)*ISNUMBER(G71:G76))} | BF75: {=SUMPRODUCT((E71:E76=BD75)*ISNUMBER(F71:F76)*ISNUMBER(G71:G76)*(F71:F76>G71:G76))+SUMPRODUCT((H71:H76=BD75)*ISNUMBER(F71:F76)*ISNUMBER(G71:G76)*(G71:G76>F71:F76))} | BG75: {=SUMPRODUCT((((E71:E76=BD75)+(H71:H76=BD75))>0)*ISNUMBER(F71:F76)*ISNUMBER(G71:G76)*(F71:F76=G71:G76))} | BH75: =BE75-BF75-BG75 | BI75: {=SUMPRODUCT((E71:E76=BD75)*IFERROR(F71:F76,0))+SUMPRODUCT((H71:H76=BD75)*IFERROR(G71:G76,0))} | BJ75: {=SUMPRODUCT((E71:E76=BD75)*IFERROR(G71:G76,0))+SUMPRODUCT((H71:H76=BD75)*IFERROR(F71:F76,0))} | BK75: =BF75*3+BG75 | BL75: =1+SUMPRODUCT(((BK$72:BK$75>BK75)+(BK$72:BK$75=BK75)*(BM$72:BM$75>BM75)+(BK$72:BK$75=BK75)*(BM$72:BM$75=BM75)*(BN$72:BN$75>BN75)+(BK$72:BK$75=BK75)*(BM$72:BM$75=BM75)*(BN$72:BN$75=BN75)*(BO$72:BO$75>BO75)+(BK$72:BK$75=BK75)*(BM$72:BM$75=BM75)*(BN$72:BN$75=BN75)*(BO$72:BO$75=BO75)*((BI$72:BI$75-BJ$72:BJ$75)>(BI75-BJ75))+(BK$72:BK$75=BK75)*(BM$72:BM$75=BM75)*(BN$72:BN$75=BN75)*(BO$72:BO$75=BO75)*((BI$72:BI$75-BJ$72:BJ$75)=(BI75-BJ75))*(BI$72:BI$75>BI75)+(BK$72:BK$75=BK75)*(BM$72:BM$75=BM75)*(BN$72:BN$75=BN75)*(BO$72:BO$75=BO75)*((BI$72:BI$75-BJ$72:BJ$75)=(BI75-BJ75))*(BI$72:BI$75=BI75)*(ROW(BK$72:BK$75)<ROW(BK75)))*1) | BM75: {=SUMPRODUCT((E$71:E$76=BD75)*ISNUMBER(F$71:F$76)*ISNUMBER(G$71:G$76)*COUNTIFS(BD$72:BD$75,H$71:H$76,BK$72:BK$75,BK75)*((F$71:F$76>G$71:G$76)*3+(F$71:F$76=G$71:G$76)))+SUMPRODUCT((H$71:H$76=BD75)*ISNUMBER(F$71:F$76)*ISNUMBER(G$71:G$76)*COUNTIFS(BD$72:BD$75,E$71:E$76,BK$72:BK$75,BK75)*((G$71:G$76>F$71:F$76)*3+(F$71:F$76=G$71:G$76)))} | BN75: {=SUMPRODUCT((E$71:E$76=BD75)*ISNUMBER(F$71:F$76)*ISNUMBER(G$71:G$76)*COUNTIFS(BD$72:BD$75,H$71:H$76,BK$72:BK$75,BK75)*(F$71:F$76-G$71:G$76))+SUMPRODUCT((H$71:H$76=BD75)*ISNUMBER(F$71:F$76)*ISNUMBER(G$71:G$76)*COUNTIFS(BD$72:BD$75,E$71:E$76,BK$72:BK$75,BK75)*(G$71:G$76-F$71:F$76))} | BO75: {=SUMPRODUCT((E$71:E$76=BD75)*ISNUMBER(F$71:F$76)*ISNUMBER(G$71:G$76)*COUNTIFS(BD$72:BD$75,H$71:H$76,BK$72:BK$75,BK75)*F$71:F$76)+SUMPRODUCT((H$71:H$76=BD75)*ISNUMBER(F$71:F$76)*ISNUMBER(G$71:G$76)*COUNTIFS(BD$72:BD$75,E$71:E$76,BK$72:BK$75,BK75)*G$71:G$76)}
A76: 72 | B76: =TEXT((46200)+(17+4+GmtOffset)/24,"ddd") | C76: =TEXT((46200)+(17+4+GmtOffset)/24,"mmm d, yyyy") | D76: =TEXT((46200)+(17+4+GmtOffset)/24,"h:mm") | E76: Croatia | H76: Ghana | I76: L | K76: =INDEX(BD72:BD75,MATCH(4,BL72:BL75,0)) | L76: =INDEX(BE72:BE75,MATCH(4,BL72:BL75,0)) | M76: =INDEX(BF72:BF75,MATCH(4,BL72:BL75,0)) | N76: =INDEX(BG72:BG75,MATCH(4,BL72:BL75,0)) | O76: =INDEX(BH72:BH75,MATCH(4,BL72:BL75,0)) | P76: =INDEX(BI72:BI75,MATCH(4,BL72:BL75,0))&" - "&INDEX(BJ72:BJ75,MATCH(4,BL72:BL75,0)) | Q76: =INDEX(BK72:BK75,MATCH(4,BL72:BL75,0))
BM80: H2H Pts | BN80: H2H GD | BO80: H2H GF
AN81: A | AO81: =IFERROR(INDEX(BD6:BD9,MATCH(1,BL6:BL9,0)),"") | AP81: =IFERROR(INDEX(BD6:BD9,MATCH(2,BL6:BL9,0)),"") | AQ81: =IFERROR(INDEX(BD6:BD9,MATCH(3,BL6:BL9,0)),"") | AR81: =IFERROR(INDEX(BK6:BK9,MATCH(3,BL6:BL9,0)),0) | AS81: =IFERROR(INDEX(BI6:BI9,MATCH(3,BL6:BL9,0))-INDEX(BJ6:BJ9,MATCH(3,BL6:BL9,0)),0) | AT81: {=SUMPRODUCT((($AR$81:$AR$92*1000000000000+($AS$81:$AS$92+20)*100000000+$BU$81:$BU$92*10000-ROW($AR$81:$AR$92))>(AR81*1000000000000+(AS81+20)*100000000+BU81*10000-ROW(AR81)))*1)+1} | AV81: =IFERROR(INDEX($AQ$81:$AQ$92,MATCH(1,$AT$81:$AT$92,0)),"") | AW81: =IFERROR(INDEX($AN$81:$AN$92,MATCH(1,$AT$81:$AT$92,0)),"") | AX81: =IF(COUNTIF($AW$81:$AW$88,"A")>0,"A","")&IF(COUNTIF($AW$81:$AW$88,"B")>0,"B","")&IF(COUNTIF($AW$81:$AW$88,"C")>0,"C","")&IF(COUNTIF($AW$81:$AW$88,"D")>0,"D","")&IF(COUNTIF($AW$81:$AW$88,"E")>0,"E","")&IF(COUNTIF($AW$81:$AW$88,"F")>0,"F","")&IF(COUNTIF($AW$81:$AW$88,"G")>0,"G","")&IF(COUNTIF($AW$81:$AW$88,"H")>0,"H","")&IF(COUNTIF($AW$81:$AW$88,"I")>0,"I","")&IF(COUNTIF($AW$81:$AW$88,"J")>0,"J","")&IF(COUNTIF($AW$81:$AW$88,"K")>0,"K","")&IF(COUNTIF($AW$81:$AW$88,"L")>0,"L","") | BM81: =IFERROR(INDEX('Annex C (generated)'!$D$2:$D$496,MATCH($AX$81,'Annex C (generated)'!$B$2:$B$496,0)),"") | BN81: =IFERROR(INDEX('Annex C (generated)'!$E$2:$E$496,MATCH($AX$81,'Annex C (generated)'!$B$2:$B$496,0)),"") | BO81: =IFERROR(INDEX('Annex C (generated)'!$F$2:$F$496,MATCH($AX$81,'Annex C (generated)'!$B$2:$B$496,0)),"") | BP81: =IFERROR(INDEX('Annex C (generated)'!$G$2:$G$496,MATCH($AX$81,'Annex C (generated)'!$B$2:$B$496,0)),"") | BQ81: =IFERROR(INDEX('Annex C (generated)'!$H$2:$H$496,MATCH($AX$81,'Annex C (generated)'!$B$2:$B$496,0)),"") | BR81: =IFERROR(INDEX('Annex C (generated)'!$I$2:$I$496,MATCH($AX$81,'Annex C (generated)'!$B$2:$B$496,0)),"") | BS81: =IFERROR(INDEX('Annex C (generated)'!$J$2:$J$496,MATCH($AX$81,'Annex C (generated)'!$B$2:$B$496,0)),"") | BT81: =IFERROR(INDEX('Annex C (generated)'!$K$2:$K$496,MATCH($AX$81,'Annex C (generated)'!$B$2:$B$496,0)),"") | BU81: =IFERROR(INDEX(BI6:BI9,MATCH(3,BL6:BL9,0)),0)
AN82: B | AO82: =IFERROR(INDEX(BD12:BD15,MATCH(1,BL12:BL15,0)),"") | AP82: =IFERROR(INDEX(BD12:BD15,MATCH(2,BL12:BL15,0)),"") | AQ82: =IFERROR(INDEX(BD12:BD15,MATCH(3,BL12:BL15,0)),"") | AR82: =IFERROR(INDEX(BK12:BK15,MATCH(3,BL12:BL15,0)),0) | AS82: =IFERROR(INDEX(BI12:BI15,MATCH(3,BL12:BL15,0))-INDEX(BJ12:BJ15,MATCH(3,BL12:BL15,0)),0) | AT82: {=SUMPRODUCT((($AR$81:$AR$92*1000000000000+($AS$81:$AS$92+20)*100000000+$BU$81:$BU$92*10000-ROW($AR$81:$AR$92))>(AR82*1000000000000+(AS82+20)*100000000+BU82*10000-ROW(AR82)))*1)+1} | AV82: =IFERROR(INDEX($AQ$81:$AQ$92,MATCH(2,$AT$81:$AT$92,0)),"") | AW82: =IFERROR(INDEX($AN$81:$AN$92,MATCH(2,$AT$81:$AT$92,0)),"") | BU82: =IFERROR(INDEX(BI12:BI15,MATCH(3,BL12:BL15,0)),0)
AN83: C | AO83: =IFERROR(INDEX(BD18:BD21,MATCH(1,BL18:BL21,0)),"") | AP83: =IFERROR(INDEX(BD18:BD21,MATCH(2,BL18:BL21,0)),"") | AQ83: =IFERROR(INDEX(BD18:BD21,MATCH(3,BL18:BL21,0)),"") | AR83: =IFERROR(INDEX(BK18:BK21,MATCH(3,BL18:BL21,0)),0) | AS83: =IFERROR(INDEX(BI18:BI21,MATCH(3,BL18:BL21,0))-INDEX(BJ18:BJ21,MATCH(3,BL18:BL21,0)),0) | AT83: {=SUMPRODUCT((($AR$81:$AR$92*1000000000000+($AS$81:$AS$92+20)*100000000+$BU$81:$BU$92*10000-ROW($AR$81:$AR$92))>(AR83*1000000000000+(AS83+20)*100000000+BU83*10000-ROW(AR83)))*1)+1} | AV83: =IFERROR(INDEX($AQ$81:$AQ$92,MATCH(3,$AT$81:$AT$92,0)),"") | AW83: =IFERROR(INDEX($AN$81:$AN$92,MATCH(3,$AT$81:$AT$92,0)),"") | BU83: =IFERROR(INDEX(BI18:BI21,MATCH(3,BL18:BL21,0)),0)
AN84: D | AO84: =IFERROR(INDEX(BD24:BD27,MATCH(1,BL24:BL27,0)),"") | AP84: =IFERROR(INDEX(BD24:BD27,MATCH(2,BL24:BL27,0)),"") | AQ84: =IFERROR(INDEX(BD24:BD27,MATCH(3,BL24:BL27,0)),"") | AR84: =IFERROR(INDEX(BK24:BK27,MATCH(3,BL24:BL27,0)),0) | AS84: =IFERROR(INDEX(BI24:BI27,MATCH(3,BL24:BL27,0))-INDEX(BJ24:BJ27,MATCH(3,BL24:BL27,0)),0) | AT84: {=SUMPRODUCT((($AR$81:$AR$92*1000000000000+($AS$81:$AS$92+20)*100000000+$BU$81:$BU$92*10000-ROW($AR$81:$AR$92))>(AR84*1000000000000+(AS84+20)*100000000+BU84*10000-ROW(AR84)))*1)+1} | AV84: =IFERROR(INDEX($AQ$81:$AQ$92,MATCH(4,$AT$81:$AT$92,0)),"") | AW84: =IFERROR(INDEX($AN$81:$AN$92,MATCH(4,$AT$81:$AT$92,0)),"") | BU84: =IFERROR(INDEX(BI24:BI27,MATCH(3,BL24:BL27,0)),0)
AN85: E | AO85: =IFERROR(INDEX(BD30:BD33,MATCH(1,BL30:BL33,0)),"") | AP85: =IFERROR(INDEX(BD30:BD33,MATCH(2,BL30:BL33,0)),"") | AQ85: =IFERROR(INDEX(BD30:BD33,MATCH(3,BL30:BL33,0)),"") | AR85: =IFERROR(INDEX(BK30:BK33,MATCH(3,BL30:BL33,0)),0) | AS85: =IFERROR(INDEX(BI30:BI33,MATCH(3,BL30:BL33,0))-INDEX(BJ30:BJ33,MATCH(3,BL30:BL33,0)),0) | AT85: {=SUMPRODUCT((($AR$81:$AR$92*1000000000000+($AS$81:$AS$92+20)*100000000+$BU$81:$BU$92*10000-ROW($AR$81:$AR$92))>(AR85*1000000000000+(AS85+20)*100000000+BU85*10000-ROW(AR85)))*1)+1} | AV85: =IFERROR(INDEX($AQ$81:$AQ$92,MATCH(5,$AT$81:$AT$92,0)),"") | AW85: =IFERROR(INDEX($AN$81:$AN$92,MATCH(5,$AT$81:$AT$92,0)),"") | BU85: =IFERROR(INDEX(BI30:BI33,MATCH(3,BL30:BL33,0)),0)
AN86: F | AO86: =IFERROR(INDEX(BD36:BD39,MATCH(1,BL36:BL39,0)),"") | AP86: =IFERROR(INDEX(BD36:BD39,MATCH(2,BL36:BL39,0)),"") | AQ86: =IFERROR(INDEX(BD36:BD39,MATCH(3,BL36:BL39,0)),"") | AR86: =IFERROR(INDEX(BK36:BK39,MATCH(3,BL36:BL39,0)),0) | AS86: =IFERROR(INDEX(BI36:BI39,MATCH(3,BL36:BL39,0))-INDEX(BJ36:BJ39,MATCH(3,BL36:BL39,0)),0) | AT86: {=SUMPRODUCT((($AR$81:$AR$92*1000000000000+($AS$81:$AS$92+20)*100000000+$BU$81:$BU$92*10000-ROW($AR$81:$AR$92))>(AR86*1000000000000+(AS86+20)*100000000+BU86*10000-ROW(AR86)))*1)+1} | AV86: =IFERROR(INDEX($AQ$81:$AQ$92,MATCH(6,$AT$81:$AT$92,0)),"") | AW86: =IFERROR(INDEX($AN$81:$AN$92,MATCH(6,$AT$81:$AT$92,0)),"") | BU86: =IFERROR(INDEX(BI36:BI39,MATCH(3,BL36:BL39,0)),0)
AN87: G | AO87: =IFERROR(INDEX(BD42:BD45,MATCH(1,BL42:BL45,0)),"") | AP87: =IFERROR(INDEX(BD42:BD45,MATCH(2,BL42:BL45,0)),"") | AQ87: =IFERROR(INDEX(BD42:BD45,MATCH(3,BL42:BL45,0)),"") | AR87: =IFERROR(INDEX(BK42:BK45,MATCH(3,BL42:BL45,0)),0) | AS87: =IFERROR(INDEX(BI42:BI45,MATCH(3,BL42:BL45,0))-INDEX(BJ42:BJ45,MATCH(3,BL42:BL45,0)),0) | AT87: {=SUMPRODUCT((($AR$81:$AR$92*1000000000000+($AS$81:$AS$92+20)*100000000+$BU$81:$BU$92*10000-ROW($AR$81:$AR$92))>(AR87*1000000000000+(AS87+20)*100000000+BU87*10000-ROW(AR87)))*1)+1} | AV87: =IFERROR(INDEX($AQ$81:$AQ$92,MATCH(7,$AT$81:$AT$92,0)),"") | AW87: =IFERROR(INDEX($AN$81:$AN$92,MATCH(7,$AT$81:$AT$92,0)),"") | BU87: =IFERROR(INDEX(BI42:BI45,MATCH(3,BL42:BL45,0)),0)
AN88: H | AO88: =IFERROR(INDEX(BD48:BD51,MATCH(1,BL48:BL51,0)),"") | AP88: =IFERROR(INDEX(BD48:BD51,MATCH(2,BL48:BL51,0)),"") | AQ88: =IFERROR(INDEX(BD48:BD51,MATCH(3,BL48:BL51,0)),"") | AR88: =IFERROR(INDEX(BK48:BK51,MATCH(3,BL48:BL51,0)),0) | AS88: =IFERROR(INDEX(BI48:BI51,MATCH(3,BL48:BL51,0))-INDEX(BJ48:BJ51,MATCH(3,BL48:BL51,0)),0) | AT88: {=SUMPRODUCT((($AR$81:$AR$92*1000000000000+($AS$81:$AS$92+20)*100000000+$BU$81:$BU$92*10000-ROW($AR$81:$AR$92))>(AR88*1000000000000+(AS88+20)*100000000+BU88*10000-ROW(AR88)))*1)+1} | AV88: =IFERROR(INDEX($AQ$81:$AQ$92,MATCH(8,$AT$81:$AT$92,0)),"") | AW88: =IFERROR(INDEX($AN$81:$AN$92,MATCH(8,$AT$81:$AT$92,0)),"") | BU88: =IFERROR(INDEX(BI48:BI51,MATCH(3,BL48:BL51,0)),0)
AN89: I | AO89: =IFERROR(INDEX(BD54:BD57,MATCH(1,BL54:BL57,0)),"") | AP89: =IFERROR(INDEX(BD54:BD57,MATCH(2,BL54:BL57,0)),"") | AQ89: =IFERROR(INDEX(BD54:BD57,MATCH(3,BL54:BL57,0)),"") | AR89: =IFERROR(INDEX(BK54:BK57,MATCH(3,BL54:BL57,0)),0) | AS89: =IFERROR(INDEX(BI54:BI57,MATCH(3,BL54:BL57,0))-INDEX(BJ54:BJ57,MATCH(3,BL54:BL57,0)),0) | AT89: {=SUMPRODUCT((($AR$81:$AR$92*1000000000000+($AS$81:$AS$92+20)*100000000+$BU$81:$BU$92*10000-ROW($AR$81:$AR$92))>(AR89*1000000000000+(AS89+20)*100000000+BU89*10000-ROW(AR89)))*1)+1} | BU89: =IFERROR(INDEX(BI54:BI57,MATCH(3,BL54:BL57,0)),0)
AN90: J | AO90: =IFERROR(INDEX(BD60:BD63,MATCH(1,BL60:BL63,0)),"") | AP90: =IFERROR(INDEX(BD60:BD63,MATCH(2,BL60:BL63,0)),"") | AQ90: =IFERROR(INDEX(BD60:BD63,MATCH(3,BL60:BL63,0)),"") | AR90: =IFERROR(INDEX(BK60:BK63,MATCH(3,BL60:BL63,0)),0) | AS90: =IFERROR(INDEX(BI60:BI63,MATCH(3,BL60:BL63,0))-INDEX(BJ60:BJ63,MATCH(3,BL60:BL63,0)),0) | AT90: {=SUMPRODUCT((($AR$81:$AR$92*1000000000000+($AS$81:$AS$92+20)*100000000+$BU$81:$BU$92*10000-ROW($AR$81:$AR$92))>(AR90*1000000000000+(AS90+20)*100000000+BU90*10000-ROW(AR90)))*1)+1} | BU90: =IFERROR(INDEX(BI60:BI63,MATCH(3,BL60:BL63,0)),0)
AN91: K | AO91: =IFERROR(INDEX(BD66:BD69,MATCH(1,BL66:BL69,0)),"") | AP91: =IFERROR(INDEX(BD66:BD69,MATCH(2,BL66:BL69,0)),"") | AQ91: =IFERROR(INDEX(BD66:BD69,MATCH(3,BL66:BL69,0)),"") | AR91: =IFERROR(INDEX(BK66:BK69,MATCH(3,BL66:BL69,0)),0) | AS91: =IFERROR(INDEX(BI66:BI69,MATCH(3,BL66:BL69,0))-INDEX(BJ66:BJ69,MATCH(3,BL66:BL69,0)),0) | AT91: {=SUMPRODUCT((($AR$81:$AR$92*1000000000000+($AS$81:$AS$92+20)*100000000+$BU$81:$BU$92*10000-ROW($AR$81:$AR$92))>(AR91*1000000000000+(AS91+20)*100000000+BU91*10000-ROW(AR91)))*1)+1} | BU91: =IFERROR(INDEX(BI66:BI69,MATCH(3,BL66:BL69,0)),0)
AN92: L | AO92: =IFERROR(INDEX(BD72:BD75,MATCH(1,BL72:BL75,0)),"") | AP92: =IFERROR(INDEX(BD72:BD75,MATCH(2,BL72:BL75,0)),"") | AQ92: =IFERROR(INDEX(BD72:BD75,MATCH(3,BL72:BL75,0)),"") | AR92: =IFERROR(INDEX(BK72:BK75,MATCH(3,BL72:BL75,0)),0) | AS92: =IFERROR(INDEX(BI72:BI75,MATCH(3,BL72:BL75,0))-INDEX(BJ72:BJ75,MATCH(3,BL72:BL75,0)),0) | AT92: {=SUMPRODUCT((($AR$81:$AR$92*1000000000000+($AS$81:$AS$92+20)*100000000+$BU$81:$BU$92*10000-ROW($AR$81:$AR$92))>(AR92*1000000000000+(AS92+20)*100000000+BU92*10000-ROW(AR92)))*1)+1} | BU92: =IFERROR(INDEX(BI72:BI75,MATCH(3,BL72:BL75,0)),0)

Sheet Results
A1: FIFA WC 2026 — Toto Leaderboard | N1: PRIZE POOL
A3: Rank | B3: Participant | C3: Group | D3: R32 | E3: R16 | F3: QF | G3: SF | H3: Final | I3: 3rd | J3: Champ | K3: TOTAL | L3: Prize € | N3: Place | O3: % | P3: € Pool | Q3: # Tied | R3: € / Winner
A4: =IF(1>COUNTIF(' Toto teams'!$A$4:$A$119,"<>"),"",INDEX(' Toto teams'!$S$4:$S$119,MATCH(LARGE(' Toto teams'!$T$4:$T$119,1),' Toto teams'!$T$4:$T$119,0))) | B4: =IF(1>COUNTIF(' Toto teams'!$A$4:$A$119,"<>"),"",INDEX(' Toto teams'!$A$4:$A$119,MATCH(LARGE(' Toto teams'!$T$4:$T$119,1),' Toto teams'!$T$4:$T$119,0))) | C4: =IF($B4="","",6*(IFERROR(VLOOKUP(INDEX(' Toto teams'!$B$4:$B$119,MATCH($B4,' Toto teams'!$A$4:$A$119,0)),Scoring!$A$4:$N$51,3,FALSE()),0)+IFERROR(VLOOKUP(INDEX(' Toto teams'!$B$4:$B$119,MATCH($B4,' Toto teams'!$A$4:$A$119,0)),Scoring!$A$4:$N$51,4,FALSE()),0)+IFERROR(VLOOKUP(INDEX(' Toto teams'!$B$4:$B$119,MATCH($B4,' Toto teams'!$A$4:$A$119,0)),Scoring!$A$4:$N$51,5,FALSE()),0))+4*(IFERROR(VLOOKUP(INDEX(' Toto teams'!$C$4:$C$119,MATCH($B4,' Toto teams'!$A$4:$A$119,0)),Scoring!$A$4:$N$51,3,FALSE()),0)+IFERROR(VLOOKUP(INDEX(' Toto teams'!$C$4:$C$119,MATCH($B4,' Toto teams'!$A$4:$A$119,0)),Scoring!$A$4:$N$51,4,FALSE()),0)+IFERROR(VLOOKUP(INDEX(' Toto teams'!$C$4:$C$119,MATCH($B4,' Toto teams'!$A$4:$A$119,0)),Scoring!$A$4:$N$51,5,FALSE()),0))+3*(IFERROR(VLOOKUP(INDEX(' Toto teams'!$D$4:$D$119,MATCH($B4,' Toto teams'!$A$4:$A$119,0)),Scoring!$A$4:$N$51,3,FALSE()),0)+IFERROR(VLOOKUP(INDEX(' Toto teams'!$D$4:$D$119,MATCH($B4,' Toto teams'!$A$4:$A$119,0)),Scoring!$A$4:$N$51,4,FALSE()),0)+IFERROR(VLOOKUP(INDEX(' Toto teams'!$D$4:$D$119,MATCH($B4,' Toto teams'!$A$4:$A$119,0)),Scoring!$A$4:$N$51,5,FALSE()),0))+2*(IFERROR(VLOOKUP(INDEX(' Toto teams'!$E$4:$E$119,MATCH($B4,' Toto teams'!$A$4:$A$119,0)),Scoring!$A$4:$N$51,3,FALSE()),0)+IFERROR(VLOOKUP(INDEX(' Toto teams'!$E$4:$E$119,MATCH($B4,' Toto teams'!$A$4:$A$119,0)),Scoring!$A$4:$N$51,4,FALSE()),0)+IFERROR(VLOOKUP(INDEX(' Toto teams'!$E$4:$E$119,MATCH($B4,' Toto teams'!$A$4:$A$119,0)),Scoring!$A$4:$N$51,5,FALSE()),0))+1*(IFERROR(VLOOKUP(INDEX(' Toto teams'!$F$4:$F$119,MATCH($B4,' Toto teams'!$A$4:$A$119,0)),Scoring!$A$4:$N$51,3,FALSE()),0)+IFERROR(VLOOKUP(INDEX(' Toto teams'!$F$4:$F$119,MATCH($B4,' Toto teams'!$A$4:$A$119,0)),Scoring!$A$4:$N$51,4,FALSE()),0)+IFERROR(VLOOKUP(INDEX(' Toto teams'!$F$4:$F$119,MATCH($B4,' Toto teams'!$A$4:$A$119,0)),Scoring!$A$4:$N$51,5,FALSE()),0))+1*(IFERROR(VLOOKUP(INDEX(' Toto teams'!$G$4:$G$119,MATCH($B4,' Toto teams'!$A$4:$A$119,0)),Scoring!$A$4:$N$51,3,FALSE()),0)+IFERROR(VLOOKUP(INDEX(' Toto teams'!$G$4:$G$119,MATCH($B4,' Toto teams'!$A$4:$A$119,0)),Scoring!$A$4:$N$51,4,FALSE()),0)+IFERROR(VLOOKUP(INDEX(' Toto teams'!$G$4:$G$119,MATCH($B4,' Toto teams'!$A$4:$A$119,0)),Scoring!$A$4:$N$51,5,FALSE()),0))+1*(IFERROR(VLOOKUP(INDEX(' Toto teams'!$H$4:$H$119,MATCH($B4,' Toto teams'!$A$4:$A$119,0)),Scoring!$A$4:$N$51,3,FALSE()),0)+IFERROR(VLOOKUP(INDEX(' Toto teams'!$H$4:$H$119,MATCH($B4,' Toto teams'!$A$4:$A$119,0)),Scoring!$A$4:$N$51,4,FALSE()),0)+IFERROR(VLOOKUP(INDEX(' Toto teams'!$H$4:$H$119,MATCH($B4,' Toto teams'!$A$4:$A$119,0)),Scoring!$A$4:$N$51,5,FALSE()),0))+IFERROR(INDEX(' Toto teams'!$Q$4:$Q$119,MATCH($B4,' Toto teams'!$A$4:$A$119,0))*1,0)) | D4: =IF($B4="","",6*IFERROR(VLOOKUP(INDEX(' Toto teams'!$B$4:$B$119,MATCH($B4,' Toto teams'!$A$4:$A$119,0)),Scoring!$A$4:$N$51,7,FALSE()),0)+4*IFERROR(VLOOKUP(INDEX(' Toto teams'!$C$4:$C$119,MATCH($B4,' Toto teams'!$A$4:$A$119,0)),Scoring!$A$4:$N$51,7,FALSE()),0)+3*IFERROR(VLOOKUP(INDEX(' Toto teams'!$D$4:$D$119,MATCH($B4,' Toto teams'!$A$4:$A$119,0)),Scoring!$A$4:$N$51,7,FALSE()),0)+2*IFERROR(VLOOKUP(INDEX(' Toto teams'!$E$4:$E$119,MATCH($B4,' Toto teams'!$A$4:$A$119,0)),Scoring!$A$4:$N$51,7,FALSE()),0)+1*IFERROR(VLOOKUP(INDEX(' Toto teams'!$F$4:$F$119,MATCH($B4,' Toto teams'!$A$4:$A$119,0)),Scoring!$A$4:$N$51,7,FALSE()),0)+1*IFERROR(VLOOKUP(INDEX(' Toto teams'!$G$4:$G$119,MATCH($B4,' Toto teams'!$A$4:$A$119,0)),Scoring!$A$4:$N$51,7,FALSE()),0)+1*IFERROR(VLOOKUP(INDEX(' Toto teams'!$H$4:$H$119,MATCH($B4,' Toto teams'!$A$4:$A$119,0)),Scoring!$A$4:$N$51,7,FALSE()),0)) | E4: =IF($B4="","",6*IFERROR(VLOOKUP(INDEX(' Toto teams'!$B$4:$B$119,MATCH($B4,' Toto teams'!$A$4:$A$119,0)),Scoring!$A$4:$N$51,8,FALSE()),0)+4*IFERROR(VLOOKUP(INDEX(' Toto teams'!$C$4:$C$119,MATCH($B4,' Toto teams'!$A$4:$A$119,0)),Scoring!$A$4:$N$51,8,FALSE()),0)+3*IFERROR(VLOOKUP(INDEX(' Toto teams'!$D$4:$D$119,MATCH($B4,' Toto teams'!$A$4:$A$119,0)),Scoring!$A$4:$N$51,8,FALSE()),0)+2*IFERROR(VLOOKUP(INDEX(' Toto teams'!$E$4:$E$119,MATCH($B4,' Toto teams'!$A$4:$A$119,0)),Scoring!$A$4:$N$51,8,FALSE()),0)+1*IFERROR(VLOOKUP(INDEX(' Toto teams'!$F$4:$F$119,MATCH($B4,' Toto teams'!$A$4:$A$119,0)),Scoring!$A$4:$N$51,8,FALSE()),0)+1*IFERROR(VLOOKUP(INDEX(' Toto teams'!$G$4:$G$119,MATCH($B4,' Toto teams'!$A$4:$A$119,0)),Scoring!$A$4:$N$51,8,FALSE()),0)+1*IFERROR(VLOOKUP(INDEX(' Toto teams'!$H$4:$H$119,MATCH($B4,' Toto teams'!$A$4:$A$119,0)),Scoring!$A$4:$N$51,8,FALSE()),0)) | F4: =IF($B4="","",6*IFERROR(VLOOKUP(INDEX(' Toto teams'!$B$4:$B$119,MATCH($B4,' Toto teams'!$A$4:$A$119,0)),Scoring!$A$4:$N$51,9,FALSE()),0)+4*IFERROR(VLOOKUP(INDEX(' Toto teams'!$C$4:$C$119,MATCH($B4,' Toto teams'!$A$4:$A$119,0)),Scoring!$A$4:$N$51,9,FALSE()),0)+3*IFERROR(VLOOKUP(INDEX(' Toto teams'!$D$4:$D$119,MATCH($B4,' Toto teams'!$A$4:$A$119,0)),Scoring!$A$4:$N$51,9,FALSE()),0)+2*IFERROR(VLOOKUP(INDEX(' Toto teams'!$E$4:$E$119,MATCH($B4,' Toto teams'!$A$4:$A$119,0)),Scoring!$A$4:$N$51,9,FALSE()),0)+1*IFERROR(VLOOKUP(INDEX(' Toto teams'!$F$4:$F$119,MATCH($B4,' Toto teams'!$A$4:$A$119,0)),Scoring!$A$4:$N$51,9,FALSE()),0)+1*IFERROR(VLOOKUP(INDEX(' Toto teams'!$G$4:$G$119,MATCH($B4,' Toto teams'!$A$4:$A$119,0)),Scoring!$A$4:$N$51,9,FALSE()),0)+1*IFERROR(VLOOKUP(INDEX(' Toto teams'!$H$4:$H$119,MATCH($B4,' Toto teams'!$A$4:$A$119,0)),Scoring!$A$4:$N$51,9,FALSE()),0)) | G4: =IF($B4="","",6*IFERROR(VLOOKUP(INDEX(' Toto teams'!$B$4:$B$119,MATCH($B4,' Toto teams'!$A$4:$A$119,0)),Scoring!$A$4:$N$51,10,FALSE()),0)+4*IFERROR(VLOOKUP(INDEX(' Toto teams'!$C$4:$C$119,MATCH($B4,' Toto teams'!$A$4:$A$119,0)),Scoring!$A$4:$N$51,10,FALSE()),0)+3*IFERROR(VLOOKUP(INDEX(' Toto teams'!$D$4:$D$119,MATCH($B4,' Toto teams'!$A$4:$A$119,0)),Scoring!$A$4:$N$51,10,FALSE()),0)+2*IFERROR(VLOOKUP(INDEX(' Toto teams'!$E$4:$E$119,MATCH($B4,' Toto teams'!$A$4:$A$119,0)),Scoring!$A$4:$N$51,10,FALSE()),0)+1*IFERROR(VLOOKUP(INDEX(' Toto teams'!$F$4:$F$119,MATCH($B4,' Toto teams'!$A$4:$A$119,0)),Scoring!$A$4:$N$51,10,FALSE()),0)+1*IFERROR(VLOOKUP(INDEX(' Toto teams'!$G$4:$G$119,MATCH($B4,' Toto teams'!$A$4:$A$119,0)),Scoring!$A$4:$N$51,10,FALSE()),0)+1*IFERROR(VLOOKUP(INDEX(' Toto teams'!$H$4:$H$119,MATCH($B4,' Toto teams'!$A$4:$A$119,0)),Scoring!$A$4:$N$51,10,FALSE()),0)) | H4: =IF($B4="","",6*IFERROR(VLOOKUP(INDEX(' Toto teams'!$B$4:$B$119,MATCH($B4,' Toto teams'!$A$4:$A$119,0)),Scoring!$A$4:$N$51,11,FALSE()),0)+4*IFERROR(VLOOKUP(INDEX(' Toto teams'!$C$4:$C$119,MATCH($B4,' Toto teams'!$A$4:$A$119,0)),Scoring!$A$4:$N$51,11,FALSE()),0)+3*IFERROR(VLOOKUP(INDEX(' Toto teams'!$D$4:$D$119,MATCH($B4,' Toto teams'!$A$4:$A$119,0)),Scoring!$A$4:$N$51,11,FALSE()),0)+2*IFERROR(VLOOKUP(INDEX(' Toto teams'!$E$4:$E$119,MATCH($B4,' Toto teams'!$A$4:$A$119,0)),Scoring!$A$4:$N$51,11,FALSE()),0)+1*IFERROR(VLOOKUP(INDEX(' Toto teams'!$F$4:$F$119,MATCH($B4,' Toto teams'!$A$4:$A$119,0)),Scoring!$A$4:$N$51,11,FALSE()),0)+1*IFERROR(VLOOKUP(INDEX(' Toto teams'!$G$4:$G$119,MATCH($B4,' Toto teams'!$A$4:$A$119,0)),Scoring!$A$4:$N$51,11,FALSE()),0)+1*IFERROR(VLOOKUP(INDEX(' Toto teams'!$H$4:$H$119,MATCH($B4,' Toto teams'!$A$4:$A$119,0)),Scoring!$A$4:$N$51,11,FALSE()),0)) | I4: =IF($B4="","",6*IFERROR(VLOOKUP(INDEX(' Toto teams'!$B$4:$B$119,MATCH($B4,' Toto teams'!$A$4:$A$119,0)),Scoring!$A$4:$O$51,15,FALSE()),0)+4*IFERROR(VLOOKUP(INDEX(' Toto teams'!$C$4:$C$119,MATCH($B4,' Toto teams'!$A$4:$A$119,0)),Scoring!$A$4:$O$51,15,FALSE()),0)+3*IFERROR(VLOOKUP(INDEX(' Toto teams'!$D$4:$D$119,MATCH($B4,' Toto teams'!$A$4:$A$119,0)),Scoring!$A$4:$O$51,15,FALSE()),0)+2*IFERROR(VLOOKUP(INDEX(' Toto teams'!$E$4:$E$119,MATCH($B4,' Toto teams'!$A$4:$A$119,0)),Scoring!$A$4:$O$51,15,FALSE()),0)+1*IFERROR(VLOOKUP(INDEX(' Toto teams'!$F$4:$F$119,MATCH($B4,' Toto teams'!$A$4:$A$119,0)),Scoring!$A$4:$O$51,15,FALSE()),0)+1*IFERROR(VLOOKUP(INDEX(' Toto teams'!$G$4:$G$119,MATCH($B4,' Toto teams'!$A$4:$A$119,0)),Scoring!$A$4:$O$51,15,FALSE()),0)+1*IFERROR(VLOOKUP(INDEX(' Toto teams'!$H$4:$H$119,MATCH($B4,' Toto teams'!$A$4:$A$119,0)),Scoring!$A$4:$O$51,15,FALSE()),0)) | J4: =IF($B4="","",6*IFERROR(VLOOKUP(INDEX(' Toto teams'!$B$4:$B$119,MATCH($B4,' Toto teams'!$A$4:$A$119,0)),Scoring!$A$4:$N$51,12,FALSE()),0)+4*IFERROR(VLOOKUP(INDEX(' Toto teams'!$C$4:$C$119,MATCH($B4,' Toto teams'!$A$4:$A$119,0)),Scoring!$A$4:$N$51,12,FALSE()),0)+3*IFERROR(VLOOKUP(INDEX(' Toto teams'!$D$4:$D$119,MATCH($B4,' Toto teams'!$A$4:$A$119,0)),Scoring!$A$4:$N$51,12,FALSE()),0)+2*IFERROR(VLOOKUP(INDEX(' Toto teams'!$E$4:$E$119,MATCH($B4,' Toto teams'!$A$4:$A$119,0)),Scoring!$A$4:$N$51,12,FALSE()),0)+1*IFERROR(VLOOKUP(INDEX(' Toto teams'!$F$4:$F$119,MATCH($B4,' Toto teams'!$A$4:$A$119,0)),Scoring!$A$4:$N$51,12,FALSE()),0)+1*IFERROR(VLOOKUP(INDEX(' Toto teams'!$G$4:$G$119,MATCH($B4,' Toto teams'!$A$4:$A$119,0)),Scoring!$A$4:$N$51,12,FALSE()),0)+1*IFERROR(VLOOKUP(INDEX(' Toto teams'!$H$4:$H$119,MATCH($B4,' Toto teams'!$A$4:$A$119,0)),Scoring!$A$4:$N$51,12,FALSE()),0)) | K4: =IF($B4="","",IFERROR(INDEX(' Toto teams'!$R$4:$R$119,MATCH($B4,' Toto teams'!$A$4:$A$119,0)),"")) | L4: =IFERROR(IF(B4="","",VLOOKUP(A4,$N$4:$R$12,5,FALSE())),0) | N4: 1 | O4: 0.5 | P4: =$O$15*O4 | Q4: =COUNTIF($A$4:$A$119,N4) | R4: =IF(Q4=0,0,SUMPRODUCT(($N$4:$N$12>=N4)*($N$4:$N$12<=N4+Q4-1)*$P$4:$P$12)/Q4)
A5: =IF(2>COUNTIF(' Toto teams'!$A$4:$A$119,"<>"),"",INDEX(' Toto teams'!$S$4:$S$119,MATCH(LARGE(' Toto teams'!$T$4:$T$119,2),' Toto teams'!$T$4:$T$119,0))) | B5: =IF(2>COUNTIF(' Toto teams'!$A$4:$A$119,"<>"),"",INDEX(' Toto teams'!$A$4:$A$119,MATCH(LARGE(' Toto teams'!$T$4:$T$119,2),' Toto teams'!$T$4:$T$119,0))) | C5: =IF($B5="","",6*(IFERROR(VLOOKUP(INDEX(' Toto teams'!$B$4:$B$119,MATCH($B5,' Toto teams'!$A$4:$A$119,0)),Scoring!$A$4:$N$51,3,FALSE()),0)+IFERROR(VLOOKUP(INDEX(' Toto teams'!$B$4:$B$119,MATCH($B5,' Toto teams'!$A$4:$A$119,0)),Scoring!$A$4:$N$51,4,FALSE()),0)+IFERROR(VLOOKUP(INDEX(' Toto teams'!$B$4:$B$119,MATCH($B5,' Toto teams'!$A$4:$A$119,0)),Scoring!$A$4:$N$51,5,FALSE()),0))+4*(IFERROR(VLOOKUP(INDEX(' Toto teams'!$C$4:$C$119,MATCH($B5,' Toto teams'!$A$4:$A$119,0)),Scoring!$A$4:$N$51,3,FALSE()),0)+IFERROR(VLOOKUP(INDEX(' Toto teams'!$C$4:$C$119,MATCH($B5,' Toto teams'!$A$4:$A$119,0)),Scoring!$A$4:$N$51,4,FALSE()),0)+IFERROR(VLOOKUP(INDEX(' Toto teams'!$C$4:$C$119,MATCH($B5,' Toto teams'!$A$4:$A$119,0)),Scoring!$A$4:$N$51,5,FALSE()),0))+3*(IFERROR(VLOOKUP(INDEX(' Toto teams'!$D$4:$D$119,MATCH($B5,' Toto teams'!$A$4:$A$119,0)),Scoring!$A$4:$N$51,3,FALSE()),0)+IFERROR(VLOOKUP(INDEX(' Toto teams'!$D$4:$D$119,MATCH($B5,' Toto teams'!$A$4:$A$119,0)),Scoring!$A$4:$N$51,4,FALSE()),0)+IFERROR(VLOOKUP(INDEX(' Toto teams'!$D$4:$D$119,MATCH($B5,' Toto teams'!$A$4:$A$119,0)),Scoring!$A$4:$N$51,5,FALSE()),0))+2*(IFERROR(VLOOKUP(INDEX(' Toto teams'!$E$4:$E$119,MATCH($B5,' Toto teams'!$A$4:$A$119,0)),Scoring!$A$4:$N$51,3,FALSE()),0)+IFERROR(VLOOKUP(INDEX(' Toto teams'!$E$4:$E$119,MATCH($B5,' Toto teams'!$A$4:$A$119,0)),Scoring!$A$4:$N$51,4,FALSE()),0)+IFERROR(VLOOKUP(INDEX(' Toto teams'!$E$4:$E$119,MATCH($B5,' Toto teams'!$A$4:$A$119,0)),Scoring!$A$4:$N$51,5,FALSE()),0))+1*(IFERROR(VLOOKUP(INDEX(' Toto teams'!$F$4:$F$119,MATCH($B5,' Toto teams'!$A$4:$A$119,0)),Scoring!$A$4:$N$51,3,FALSE()),0)+IFERROR(VLOOKUP(INDEX(' Toto teams'!$F$4:$F$119,MATCH($B5,' Toto teams'!$A$4:$A$119,0)),Scoring!$A$4:$N$51,4,FALSE()),0)+IFERROR(VLOOKUP(INDEX(' Toto teams'!$F$4:$F$119,MATCH($B5,' Toto teams'!$A$4:$A$119,0)),Scoring!$A$4:$N$51,5,FALSE()),0))+1*(IFERROR(VLOOKUP(INDEX(' Toto teams'!$G$4:$G$119,MATCH($B5,' Toto teams'!$A$4:$A$119,0)),Scoring!$A$4:$N$51,3,FALSE()),0)+IFERROR(VLOOKUP(INDEX(' Toto teams'!$G$4:$G$119,MATCH($B5,' Toto teams'!$A$4:$A$119,0)),Scoring!$A$4:$N$51,4,FALSE()),0)+IFERROR(VLOOKUP(INDEX(' Toto teams'!$G$4:$G$119,MATCH($B5,' Toto teams'!$A$4:$A$119,0)),Scoring!$A$4:$N$51,5,FALSE()),0))+1*(IFERROR(VLOOKUP(INDEX(' Toto teams'!$H$4:$H$119,MATCH($B5,' Toto teams'!$A$4:$A$119,0)),Scoring!$A$4:$N$51,3,FALSE()),0)+IFERROR(VLOOKUP(INDEX(' Toto teams'!$H$4:$H$119,MATCH($B5,' Toto teams'!$A$4:$A$119,0)),Scoring!$A$4:$N$51,4,FALSE()),0)+IFERROR(VLOOKUP(INDEX(' Toto teams'!$H$4:$H$119,MATCH($B5,' Toto teams'!$A$4:$A$119,0)),Scoring!$A$4:$N$51,5,FALSE()),0))+IFERROR(INDEX(' Toto teams'!$Q$4:$Q$119,MATCH($B5,' Toto teams'!$A$4:$A$119,0))*1,0)) | D5: =IF($B5="","",6*IFERROR(VLOOKUP(INDEX(' Toto teams'!$B$4:$B$119,MATCH($B5,' Toto teams'!$A$4:$A$119,0)),Scoring!$A$4:$N$51,7,FALSE()),0)+4*IFERROR(VLOOKUP(INDEX(' Toto teams'!$C$4:$C$119,MATCH($B5,' Toto teams'!$A$4:$A$119,0)),Scoring!$A$4:$N$51,7,FALSE()),0)+3*IFERROR(VLOOKUP(INDEX(' Toto teams'!$D$4:$D$119,MATCH($B5,' Toto teams'!$A$4:$A$119,0)),Scoring!$A$4:$N$51,7,FALSE()),0)+2*IFERROR(VLOOKUP(INDEX(' Toto teams'!$E$4:$E$119,MATCH($B5,' Toto teams'!$A$4:$A$119,0)),Scoring!$A$4:$N$51,7,FALSE()),0)+1*IFERROR(VLOOKUP(INDEX(' Toto teams'!$F$4:$F$119,MATCH($B5,' Toto teams'!$A$4:$A$119,0)),Scoring!$A$4:$N$51,7,FALSE()),0)+1*IFERROR(VLOOKUP(INDEX(' Toto teams'!$G$4:$G$119,MATCH($B5,' Toto teams'!$A$4:$A$119,0)),Scoring!$A$4:$N$51,7,FALSE()),0)+1*IFERROR(VLOOKUP(INDEX(' Toto teams'!$H$4:$H$119,MATCH($B5,' Toto teams'!$A$4:$A$119,0)),Scoring!$A$4:$N$51,7,FALSE()),0)) | E5: =IF($B5="","",6*IFERROR(VLOOKUP(INDEX(' Toto teams'!$B$4:$B$119,MATCH($B5,' Toto teams'!$A$4:$A$119,0)),Scoring!$A$4:$N$51,8,FALSE()),0)+4*IFERROR(VLOOKUP(INDEX(' Toto teams'!$C$4:$C$119,MATCH($B5,' Toto teams'!$A$4:$A$119,0)),Scoring!$A$4:$N$51,8,FALSE()),0)+3*IFERROR(VLOOKUP(INDEX(' Toto teams'!$D$4:$D$119,MATCH($B5,' Toto teams'!$A$4:$A$119,0)),Scoring!$A$4:$N$51,8,FALSE()),0)+2*IFERROR(VLOOKUP(INDEX(' Toto teams'!$E$4:$E$119,MATCH($B5,' Toto teams'!$A$4:$A$119,0)),Scoring!$A$4:$N$51,8,FALSE()),0)+1*IFERROR(VLOOKUP(INDEX(' Toto teams'!$F$4:$F$119,MATCH($B5,' Toto teams'!$A$4:$A$119,0)),Scoring!$A$4:$N$51,8,FALSE()),0)+1*IFERROR(VLOOKUP(INDEX(' Toto teams'!$G$4:$G$119,MATCH($B5,' Toto teams'!$A$4:$A$119,0)),Scoring!$A$4:$N$51,8,FALSE()),0)+1*IFERROR(VLOOKUP(INDEX(' Toto teams'!$H$4:$H$119,MATCH($B5,' Toto teams'!$A$4:$A$119,0)),Scoring!$A$4:$N$51,8,FALSE()),0)) | F5: =IF($B5="","",6*IFERROR(VLOOKUP(INDEX(' Toto teams'!$B$4:$B$119,MATCH($B5,' Toto teams'!$A$4:$A$119,0)),Scoring!$A$4:$N$51,9,FALSE()),0)+4*IFERROR(VLOOKUP(INDEX(' Toto teams'!$C$4:$C$119,MATCH($B5,' Toto teams'!$A$4:$A$119,0)),Scoring!$A$4:$N$51,9,FALSE()),0)+3*IFERROR(VLOOKUP(INDEX(' Toto teams'!$D$4:$D$119,MATCH($B5,' Toto teams'!$A$4:$A$119,0)),Scoring!$A$4:$N$51,9,FALSE()),0)+2*IFERROR(VLOOKUP(INDEX(' Toto teams'!$E$4:$E$119,MATCH($B5,' Toto teams'!$A$4:$A$119,0)),Scoring!$A$4:$N$51,9,FALSE()),0)+1*IFERROR(VLOOKUP(INDEX(' Toto teams'!$F$4:$F$119,MATCH($B5,' Toto teams'!$A$4:$A$119,0)),Scoring!$A$4:$N$51,9,FALSE()),0)+1*IFERROR(VLOOKUP(INDEX(' Toto teams'!$G$4:$G$119,MATCH($B5,' Toto teams'!$A$4:$A$119,0)),Scoring!$A$4:$N$51,9,FALSE()),0)+1*IFERROR(VLOOKUP(INDEX(' Toto teams'!$H$4:$H$119,MATCH($B5,' Toto teams'!$A$4:$A$119,0)),Scoring!$A$4:$N$51,9,FALSE()),0)) | G5: =IF($B5="","",6*IFERROR(VLOOKUP(INDEX(' Toto teams'!$B$4:$B$119,MATCH($B5,' Toto teams'!$A$4:$A$119,0)),Scoring!$A$4:$N$51,10,FALSE()),0)+4*IFERROR(VLOOKUP(INDEX(' Toto teams'!$C$4:$C$119,MATCH($B5,' Toto teams'!$A$4:$A$119,0)),Scoring!$A$4:$N$51,10,FALSE()),0)+3*IFERROR(VLOOKUP(INDEX(' Toto teams'!$D$4:$D$119,MATCH($B5,' Toto teams'!$A$4:$A$119,0)),Scoring!$A$4:$N$51,10,FALSE()),0)+2*IFERROR(VLOOKUP(INDEX(' Toto teams'!$E$4:$E$119,MATCH($B5,' Toto teams'!$A$4:$A$119,0)),Scoring!$A$4:$N$51,10,FALSE()),0)+1*IFERROR(VLOOKUP(INDEX(' Toto teams'!$F$4:$F$119,MATCH($B5,' Toto teams'!$A$4:$A$119,0)),Scoring!$A$4:$N$51,10,FALSE()),0)+1*IFERROR(VLOOKUP(INDEX(' Toto teams'!$G$4:$G$119,MATCH($B5,' Toto teams'!$A$4:$A$119,0)),Scoring!$A$4:$N$51,10,FALSE()),0)+1*IFERROR(VLOOKUP(INDEX(' Toto teams'!$H$4:$H$119,MATCH($B5,' Toto teams'!$A$4:$A$119,0)),Scoring!$A$4:$N$51,10,FALSE()),0)) | H5: =IF($B5="","",6*IFERROR(VLOOKUP(INDEX(' Toto teams'!$B$4:$B$119,MATCH($B5,' Toto teams'!$A$4:$A$119,0)),Scoring!$A$4:$N$51,11,FALSE()),0)+4*IFERROR(VLOOKUP(INDEX(' Toto teams'!$C$4:$C$119,MATCH($B5,' Toto teams'!$A$4:$A$119,0)),Scoring!$A$4:$N$51,11,FALSE()),0)+3*IFERROR(VLOOKUP(INDEX(' Toto teams'!$D$4:$D$119,MATCH($B5,' Toto teams'!$A$4:$A$119,0)),Scoring!$A$4:$N$51,11,FALSE()),0)+2*IFERROR(VLOOKUP(INDEX(' Toto teams'!$E$4:$E$119,MATCH($B5,' Toto teams'!$A$4:$A$119,0)),Scoring!$A$4:$N$51,11,FALSE()),0)+1*IFERROR(VLOOKUP(INDEX(' Toto teams'!$F$4:$F$119,MATCH($B5,' Toto teams'!$A$4:$A$119,0)),Scoring!$A$4:$N$51,11,FALSE()),0)+1*IFERROR(VLOOKUP(INDEX(' Toto teams'!$G$4:$G$119,MATCH($B5,' Toto teams'!$A$4:$A$119,0)),Scoring!$A$4:$N$51,11,FALSE()),0)+1*IFERROR(VLOOKUP(INDEX(' Toto teams'!$H$4:$H$119,MATCH($B5,' Toto teams'!$A$4:$A$119,0)),Scoring!$A$4:$N$51,11,FALSE()),0)) | I5: =IF($B5="","",6*IFERROR(VLOOKUP(INDEX(' Toto teams'!$B$4:$B$119,MATCH($B5,' Toto teams'!$A$4:$A$119,0)),Scoring!$A$4:$O$51,15,FALSE()),0)+4*IFERROR(VLOOKUP(INDEX(' Toto teams'!$C$4:$C$119,MATCH($B5,' Toto teams'!$A$4:$A$119,0)),Scoring!$A$4:$O$51,15,FALSE()),0)+3*IFERROR(VLOOKUP(INDEX(' Toto teams'!$D$4:$D$119,MATCH($B5,' Toto teams'!$A$4:$A$119,0)),Scoring!$A$4:$O$51,15,FALSE()),0)+2*IFERROR(VLOOKUP(INDEX(' Toto teams'!$E$4:$E$119,MATCH($B5,' Toto teams'!$A$4:$A$119,0)),Scoring!$A$4:$O$51,15,FALSE()),0)+1*IFERROR(VLOOKUP(INDEX(' Toto teams'!$F$4:$F$119,MATCH($B5,' Toto teams'!$A$4:$A$119,0)),Scoring!$A$4:$O$51,15,FALSE()),0)+1*IFERROR(VLOOKUP(INDEX(' Toto teams'!$G$4:$G$119,MATCH($B5,' Toto teams'!$A$4:$A$119,0)),Scoring!$A$4:$O$51,15,FALSE()),0)+1*IFERROR(VLOOKUP(INDEX(' Toto teams'!$H$4:$H$119,MATCH($B5,' Toto teams'!$A$4:$A$119,0)),Scoring!$A$4:$O$51,15,FALSE()),0)) | J5: =IF($B5="","",6*IFERROR(VLOOKUP(INDEX(' Toto teams'!$B$4:$B$119,MATCH($B5,' Toto teams'!$A$4:$A$119,0)),Scoring!$A$4:$N$51,12,FALSE()),0)+4*IFERROR(VLOOKUP(INDEX(' Toto teams'!$C$4:$C$119,MATCH($B5,' Toto teams'!$A$4:$A$119,0)),Scoring!$A$4:$N$51,12,FALSE()),0)+3*IFERROR(VLOOKUP(INDEX(' Toto teams'!$D$4:$D$119,MATCH($B5,' Toto teams'!$A$4:$A$119,0)),Scoring!$A$4:$N$51,12,FALSE()),0)+2*IFERROR(VLOOKUP(INDEX(' Toto teams'!$E$4:$E$119,MATCH($B5,' Toto teams'!$A$4:$A$119,0)),Scoring!$A$4:$N$51,12,FALSE()),0)+1*IFERROR(VLOOKUP(INDEX(' Toto teams'!$F$4:$F$119,MATCH($B5,' Toto teams'!$A$4:$A$119,0)),Scoring!$A$4:$N$51,12,FALSE()),0)+1*IFERROR(VLOOKUP(INDEX(' Toto teams'!$G$4:$G$119,MATCH($B5,' Toto teams'!$A$4:$A$119,0)),Scoring!$A$4:$N$51,12,FALSE()),0)+1*IFERROR(VLOOKUP(INDEX(' Toto teams'!$H$4:$H$119,MATCH($B5,' Toto teams'!$A$4:$A$119,0)),Scoring!$A$4:$N$51,12,FALSE()),0)) | K5: =IF($B5="","",IFERROR(INDEX(' Toto teams'!$R$4:$R$119,MATCH($B5,' Toto teams'!$A$4:$A$119,0)),"")) | L5: =IFERROR(IF(B5="","",VLOOKUP(A5,$N$4:$R$12,5,FALSE())),0) | N5: 2 | O5: 0.2 | P5: =$O$15*O5 | Q5: =COUNTIF($A$4:$A$119,N5) | R5: =IF(Q5=0,0,SUMPRODUCT(($N$4:$N$12>=N5)*($N$4:$N$12<=N5+Q5-1)*$P$4:$P$12)/Q5)
A6: =IF(3>COUNTIF(' Toto teams'!$A$4:$A$119,"<>"),"",INDEX(' Toto teams'!$S$4:$S$119,MATCH(LARGE(' Toto teams'!$T$4:$T$119,3),' Toto teams'!$T$4:$T$119,0))) | B6: =IF(3>COUNTIF(' Toto teams'!$A$4:$A$119,"<>"),"",INDEX(' Toto teams'!$A$4:$A$119,MATCH(LARGE(' Toto teams'!$T$4:$T$119,3),' Toto teams'!$T$4:$T$119,0))) | C6: =IF($B6="","",6*(IFERROR(VLOOKUP(INDEX(' Toto teams'!$B$4:$B$119,MATCH($B6,' Toto teams'!$A$4:$A$119,0)),Scoring!$A$4:$N$51,3,FALSE()),0)+IFERROR(VLOOKUP(INDEX(' Toto teams'!$B$4:$B$119,MATCH($B6,' Toto teams'!$A$4:$A$119,0)),Scoring!$A$4:$N$51,4,FALSE()),0)+IFERROR(VLOOKUP(INDEX(' Toto teams'!$B$4:$B$119,MATCH($B6,' Toto teams'!$A$4:$A$119,0)),Scoring!$A$4:$N$51,5,FALSE()),0))+4*(IFERROR(VLOOKUP(INDEX(' Toto teams'!$C$4:$C$119,MATCH($B6,' Toto teams'!$A$4:$A$119,0)),Scoring!$A$4:$N$51,3,FALSE()),0)+IFERROR(VLOOKUP(INDEX(' Toto teams'!$C$4:$C$119,MATCH($B6,' Toto teams'!$A$4:$A$119,0)),Scoring!$A$4:$N$51,4,FALSE()),0)+IFERROR(VLOOKUP(INDEX(' Toto teams'!$C$4:$C$119,MATCH($B6,' Toto teams'!$A$4:$A$119,0)),Scoring!$A$4:$N$51,5,FALSE()),0))+3*(IFERROR(VLOOKUP(INDEX(' Toto teams'!$D$4:$D$119,MATCH($B6,' Toto teams'!$A$4:$A$119,0)),Scoring!$A$4:$N$51,3,FALSE()),0)+IFERROR(VLOOKUP(INDEX(' Toto teams'!$D$4:$D$119,MATCH($B6,' Toto teams'!$A$4:$A$119,0)),Scoring!$A$4:$N$51,4,FALSE()),0)+IFERROR(VLOOKUP(INDEX(' Toto teams'!$D$4:$D$119,MATCH($B6,' Toto teams'!$A$4:$A$119,0)),Scoring!$A$4:$N$51,5,FALSE()),0))+2*(IFERROR(VLOOKUP(INDEX(' Toto teams'!$E$4:$E$119,MATCH($B6,' Toto teams'!$A$4:$A$119,0)),Scoring!$A$4:$N$51,3,FALSE()),0)+IFERROR(VLOOKUP(INDEX(' Toto teams'!$E$4:$E$119,MATCH($B6,' Toto teams'!$A$4:$A$119,0)),Scoring!$A$4:$N$51,4,FALSE()),0)+IFERROR(VLOOKUP(INDEX(' Toto teams'!$E$4:$E$119,MATCH($B6,' Toto teams'!$A$4:$A$119,0)),Scoring!$A$4:$N$51,5,FALSE()),0))+1*(IFERROR(VLOOKUP(INDEX(' Toto teams'!$F$4:$F$119,MATCH($B6,' Toto teams'!$A$4:$A$119,0)),Scoring!$A$4:$N$51,3,FALSE()),0)+IFERROR(VLOOKUP(INDEX(' Toto teams'!$F$4:$F$119,MATCH($B6,' Toto teams'!$A$4:$A$119,0)),Scoring!$A$4:$N$51,4,FALSE()),0)+IFERROR(VLOOKUP(INDEX(' Toto teams'!$F$4:$F$119,MATCH($B6,' Toto teams'!$A$4:$A$119,0)),Scoring!$A$4:$N$51,5,FALSE()),0))+1*(IFERROR(VLOOKUP(INDEX(' Toto teams'!$G$4:$G$119,MATCH($B6,' Toto teams'!$A$4:$A$119,0)),Scoring!$A$4:$N$51,3,FALSE()),0)+IFERROR(VLOOKUP(INDEX(' Toto teams'!$G$4:$G$119,MATCH($B6,' Toto teams'!$A$4:$A$119,0)),Scoring!$A$4:$N$51,4,FALSE()),0)+IFERROR(VLOOKUP(INDEX(' Toto teams'!$G$4:$G$119,MATCH($B6,' Toto teams'!$A$4:$A$119,0)),Scoring!$A$4:$N$51,5,FALSE()),0))+1*(IFERROR(VLOOKUP(INDEX(' Toto teams'!$H$4:$H$119,MATCH($B6,' Toto teams'!$A$4:$A$119,0)),Scoring!$A$4:$N$51,3,FALSE()),0)+IFERROR(VLOOKUP(INDEX(' Toto teams'!$H$4:$H$119,MATCH($B6,' Toto teams'!$A$4:$A$119,0)),Scoring!$A$4:$N$51,4,FALSE()),0)+IFERROR(VLOOKUP(INDEX(' Toto teams'!$H$4:$H$119,MATCH($B6,' Toto teams'!$A$4:$A$119,0)),Scoring!$A$4:$N$51,5,FALSE()),0))+IFERROR(INDEX(' Toto teams'!$Q$4:$Q$119,MATCH($B6,' Toto teams'!$A$4:$A$119,0))*1,0)) | D6: =IF($B6="","",6*IFERROR(VLOOKUP(INDEX(' Toto teams'!$B$4:$B$119,MATCH($B6,' Toto teams'!$A$4:$A$119,0)),Scoring!$A$4:$N$51,7,FALSE()),0)+4*IFERROR(VLOOKUP(INDEX(' Toto teams'!$C$4:$C$119,MATCH($B6,' Toto teams'!$A$4:$A$119,0)),Scoring!$A$4:$N$51,7,FALSE()),0)+3*IFERROR(VLOOKUP(INDEX(' Toto teams'!$D$4:$D$119,MATCH($B6,' Toto teams'!$A$4:$A$119,0)),Scoring!$A$4:$N$51,7,FALSE()),0)+2*IFERROR(VLOOKUP(INDEX(' Toto teams'!$E$4:$E$119,MATCH($B6,' Toto teams'!$A$4:$A$119,0)),Scoring!$A$4:$N$51,7,FALSE()),0)+1*IFERROR(VLOOKUP(INDEX(' Toto teams'!$F$4:$F$119,MATCH($B6,' Toto teams'!$A$4:$A$119,0)),Scoring!$A$4:$N$51,7,FALSE()),0)+1*IFERROR(VLOOKUP(INDEX(' Toto teams'!$G$4:$G$119,MATCH($B6,' Toto teams'!$A$4:$A$119,0)),Scoring!$A$4:$N$51,7,FALSE()),0)+1*IFERROR(VLOOKUP(INDEX(' Toto teams'!$H$4:$H$119,MATCH($B6,' Toto teams'!$A$4:$A$119,0)),Scoring!$A$4:$N$51,7,FALSE()),0)) | E6: =IF($B6="","",6*IFERROR(VLOOKUP(INDEX(' Toto teams'!$B$4:$B$119,MATCH($B6,' Toto teams'!$A$4:$A$119,0)),Scoring!$A$4:$N$51,8,FALSE()),0)+4*IFERROR(VLOOKUP(INDEX(' Toto teams'!$C$4:$C$119,MATCH($B6,' Toto teams'!$A$4:$A$119,0)),Scoring!$A$4:$N$51,8,FALSE()),0)+3*IFERROR(VLOOKUP(INDEX(' Toto teams'!$D$4:$D$119,MATCH($B6,' Toto teams'!$A$4:$A$119,0)),Scoring!$A$4:$N$51,8,FALSE()),0)+2*IFERROR(VLOOKUP(INDEX(' Toto teams'!$E$4:$E$119,MATCH($B6,' Toto teams'!$A$4:$A$119,0)),Scoring!$A$4:$N$51,8,FALSE()),0)+1*IFERROR(VLOOKUP(INDEX(' Toto teams'!$F$4:$F$119,MATCH($B6,' Toto teams'!$A$4:$A$119,0)),Scoring!$A$4:$N$51,8,FALSE()),0)+1*IFERROR(VLOOKUP(INDEX(' Toto teams'!$G$4:$G$119,MATCH($B6,' Toto teams'!$A$4:$A$119,0)),Scoring!$A$4:$N$51,8,FALSE()),0)+1*IFERROR(VLOOKUP(INDEX(' Toto teams'!$H$4:$H$119,MATCH($B6,' Toto teams'!$A$4:$A$119,0)),Scoring!$A$4:$N$51,8,FALSE()),0)) | F6: =IF($B6="","",6*IFERROR(VLOOKUP(INDEX(' Toto teams'!$B$4:$B$119,MATCH($B6,' Toto teams'!$A$4:$A$119,0)),Scoring!$A$4:$N$51,9,FALSE()),0)+4*IFERROR(VLOOKUP(INDEX(' Toto teams'!$C$4:$C$119,MATCH($B6,' Toto teams'!$A$4:$A$119,0)),Scoring!$A$4:$N$51,9,FALSE()),0)+3*IFERROR(VLOOKUP(INDEX(' Toto teams'!$D$4:$D$119,MATCH($B6,' Toto teams'!$A$4:$A$119,0)),Scoring!$A$4:$N$51,9,FALSE()),0)+2*IFERROR(VLOOKUP(INDEX(' Toto teams'!$E$4:$E$119,MATCH($B6,' Toto teams'!$A$4:$A$119,0)),Scoring!$A$4:$N$51,9,FALSE()),0)+1*IFERROR(VLOOKUP(INDEX(' Toto teams'!$F$4:$F$119,MATCH($B6,' Toto teams'!$A$4:$A$119,0)),Scoring!$A$4:$N$51,9,FALSE()),0)+1*IFERROR(VLOOKUP(INDEX(' Toto teams'!$G$4:$G$119,MATCH($B6,' Toto teams'!$A$4:$A$119,0)),Scoring!$A$4:$N$51,9,FALSE()),0)+1*IFERROR(VLOOKUP(INDEX(' Toto teams'!$H$4:$H$119,MATCH($B6,' Toto teams'!$A$4:$A$119,0)),Scoring!$A$4:$N$51,9,FALSE()),0)) | G6: =IF($B6="","",6*IFERROR(VLOOKUP(INDEX(' Toto teams'!$B$4:$B$119,MATCH($B6,' Toto teams'!$A$4:$A$119,0)),Scoring!$A$4:$N$51,10,FALSE()),0)+4*IFERROR(VLOOKUP(INDEX(' Toto teams'!$C$4:$C$119,MATCH($B6,' Toto teams'!$A$4:$A$119,0)),Scoring!$A$4:$N$51,10,FALSE()),0)+3*IFERROR(VLOOKUP(INDEX(' Toto teams'!$D$4:$D$119,MATCH($B6,' Toto teams'!$A$4:$A$119,0)),Scoring!$A$4:$N$51,10,FALSE()),0)+2*IFERROR(VLOOKUP(INDEX(' Toto teams'!$E$4:$E$119,MATCH($B6,' Toto teams'!$A$4:$A$119,0)),Scoring!$A$4:$N$51,10,FALSE()),0)+1*IFERROR(VLOOKUP(INDEX(' Toto teams'!$F$4:$F$119,MATCH($B6,' Toto teams'!$A$4:$A$119,0)),Scoring!$A$4:$N$51,10,FALSE()),0)+1*IFERROR(VLOOKUP(INDEX(' Toto teams'!$G$4:$G$119,MATCH($B6,' Toto teams'!$A$4:$A$119,0)),Scoring!$A$4:$N$51,10,FALSE()),0)+1*IFERROR(VLOOKUP(INDEX(' Toto teams'!$H$4:$H$119,MATCH($B6,' Toto teams'!$A$4:$A$119,0)),Scoring!$A$4:$N$51,10,FALSE()),0)) | H6: =IF($B6="","",6*IFERROR(VLOOKUP(INDEX(' Toto teams'!$B$4:$B$119,MATCH($B6,' Toto teams'!$A$4:$A$119,0)),Scoring!$A$4:$N$51,11,FALSE()),0)+4*IFERROR(VLOOKUP(INDEX(' Toto teams'!$C$4:$C$119,MATCH($B6,' Toto teams'!$A$4:$A$119,0)),Scoring!$A$4:$N$51,11,FALSE()),0)+3*IFERROR(VLOOKUP(INDEX(' Toto teams'!$D$4:$D$119,MATCH($B6,' Toto teams'!$A$4:$A$119,0)),Scoring!$A$4:$N$51,11,FALSE()),0)+2*IFERROR(VLOOKUP(INDEX(' Toto teams'!$E$4:$E$119,MATCH($B6,' Toto teams'!$A$4:$A$119,0)),Scoring!$A$4:$N$51,11,FALSE()),0)+1*IFERROR(VLOOKUP(INDEX(' Toto teams'!$F$4:$F$119,MATCH($B6,' Toto teams'!$A$4:$A$119,0)),Scoring!$A$4:$N$51,11,FALSE()),0)+1*IFERROR(VLOOKUP(INDEX(' Toto teams'!$G$4:$G$119,MATCH($B6,' Toto teams'!$A$4:$A$119,0)),Scoring!$A$4:$N$51,11,FALSE()),0)+1*IFERROR(VLOOKUP(INDEX(' Toto teams'!$H$4:$H$119,MATCH($B6,' Toto teams'!$A$4:$A$119,0)),Scoring!$A$4:$N$51,11,FALSE()),0)) | I6: =IF($B6="","",6*IFERROR(VLOOKUP(INDEX(' Toto teams'!$B$4:$B$119,MATCH($B6,' Toto teams'!$A$4:$A$119,0)),Scoring!$A$4:$O$51,15,FALSE()),0)+4*IFERROR(VLOOKUP(INDEX(' Toto teams'!$C$4:$C$119,MATCH($B6,' Toto teams'!$A$4:$A$119,0)),Scoring!$A$4:$O$51,15,FALSE()),0)+3*IFERROR(VLOOKUP(INDEX(' Toto teams'!$D$4:$D$119,MATCH($B6,' Toto teams'!$A$4:$A$119,0)),Scoring!$A$4:$O$51,15,FALSE()),0)+2*IFERROR(VLOOKUP(INDEX(' Toto teams'!$E$4:$E$119,MATCH($B6,' Toto teams'!$A$4:$A$119,0)),Scoring!$A$4:$O$51,15,FALSE()),0)+1*IFERROR(VLOOKUP(INDEX(' Toto teams'!$F$4:$F$119,MATCH($B6,' Toto teams'!$A$4:$A$119,0)),Scoring!$A$4:$O$51,15,FALSE()),0)+1*IFERROR(VLOOKUP(INDEX(' Toto teams'!$G$4:$G$119,MATCH($B6,' Toto teams'!$A$4:$A$119,0)),Scoring!$A$4:$O$51,15,FALSE()),0)+1*IFERROR(VLOOKUP(INDEX(' Toto teams'!$H$4:$H$119,MATCH($B6,' Toto teams'!$A$4:$A$119,0)),Scoring!$A$4:$O$51,15,FALSE()),0)) | J6: =IF($B6="","",6*IFERROR(VLOOKUP(INDEX(' Toto teams'!$B$4:$B$119,MATCH($B6,' Toto teams'!$A$4:$A$119,0)),Scoring!$A$4:$N$51,12,FALSE()),0)+4*IFERROR(VLOOKUP(INDEX(' Toto teams'!$C$4:$C$119,MATCH($B6,' Toto teams'!$A$4:$A$119,0)),Scoring!$A$4:$N$51,12,FALSE()),0)+3*IFERROR(VLOOKUP(INDEX(' Toto teams'!$D$4:$D$119,MATCH($B6,' Toto teams'!$A$4:$A$119,0)),Scoring!$A$4:$N$51,12,FALSE()),0)+2*IFERROR(VLOOKUP(INDEX(' Toto teams'!$E$4:$E$119,MATCH($B6,' Toto teams'!$A$4:$A$119,0)),Scoring!$A$4:$N$51,12,FALSE()),0)+1*IFERROR(VLOOKUP(INDEX(' Toto teams'!$F$4:$F$119,MATCH($B6,' Toto teams'!$A$4:$A$119,0)),Scoring!$A$4:$N$51,12,FALSE()),0)+1*IFERROR(VLOOKUP(INDEX(' Toto teams'!$G$4:$G$119,MATCH($B6,' Toto teams'!$A$4:$A$119,0)),Scoring!$A$4:$N$51,12,FALSE()),0)+1*IFERROR(VLOOKUP(INDEX(' Toto teams'!$H$4:$H$119,MATCH($B6,' Toto teams'!$A$4:$A$119,0)),Scoring!$A$4:$N$51,12,FALSE()),0)) | K6: =IF($B6="","",IFERROR(INDEX(' Toto teams'!$R$4:$R$119,MATCH($B6,' Toto teams'!$A$4:$A$119,0)),"")) | L6: =IFERROR(IF(B6="","",VLOOKUP(A6,$N$4:$R$12,5,FALSE())),0) | N6: 3 | O6: 0.1 | P6: =$O$15*O6 | Q6: =COUNTIF($A$4:$A$119,N6) | R6: =IF(Q6=0,0,SUMPRODUCT(($N$4:$N$12>=N6)*($N$4:$N$12<=N6+Q6-1)*$P$4:$P$12)/Q6)
A7: =IF(4>COUNTIF(' Toto teams'!$A$4:$A$119,"<>"),"",INDEX(' Toto teams'!$S$4:$S$119,MATCH(LARGE(' Toto teams'!$T$4:$T$119,4),' Toto teams'!$T$4:$T$119,0))) | B7: =IF(4>COUNTIF(' Toto teams'!$A$4:$A$119,"<>"),"",INDEX(' Toto teams'!$A$4:$A$119,MATCH(LARGE(' Toto teams'!$T$4:$T$119,4),' Toto teams'!$T$4:$T$119,0))) | C7: =IF($B7="","",6*(IFERROR(VLOOKUP(INDEX(' Toto teams'!$B$4:$B$119,MATCH($B7,' Toto teams'!$A$4:$A$119,0)),Scoring!$A$4:$N$51,3,FALSE()),0)+IFERROR(VLOOKUP(INDEX(' Toto teams'!$B$4:$B$119,MATCH($B7,' Toto teams'!$A$4:$A$119,0)),Scoring!$A$4:$N$51,4,FALSE()),0)+IFERROR(VLOOKUP(INDEX(' Toto teams'!$B$4:$B$119,MATCH($B7,' Toto teams'!$A$4:$A$119,0)),Scoring!$A$4:$N$51,5,FALSE()),0))+4*(IFERROR(VLOOKUP(INDEX(' Toto teams'!$C$4:$C$119,MATCH($B7,' Toto teams'!$A$4:$A$119,0)),Scoring!$A$4:$N$51,3,FALSE()),0)+IFERROR(VLOOKUP(INDEX(' Toto teams'!$C$4:$C$119,MATCH($B7,' Toto teams'!$A$4:$A$119,0)),Scoring!$A$4:$N$51,4,FALSE()),0)+IFERROR(VLOOKUP(INDEX(' Toto teams'!$C$4:$C$119,MATCH($B7,' Toto teams'!$A$4:$A$119,0)),Scoring!$A$4:$N$51,5,FALSE()),0))+3*(IFERROR(VLOOKUP(INDEX(' Toto teams'!$D$4:$D$119,MATCH($B7,' Toto teams'!$A$4:$A$119,0)),Scoring!$A$4:$N$51,3,FALSE()),0)+IFERROR(VLOOKUP(INDEX(' Toto teams'!$D$4:$D$119,MATCH($B7,' Toto teams'!$A$4:$A$119,0)),Scoring!$A$4:$N$51,4,FALSE()),0)+IFERROR(VLOOKUP(INDEX(' Toto teams'!$D$4:$D$119,MATCH($B7,' Toto teams'!$A$4:$A$119,0)),Scoring!$A$4:$N$51,5,FALSE()),0))+2*(IFERROR(VLOOKUP(INDEX(' Toto teams'!$E$4:$E$119,MATCH($B7,' Toto teams'!$A$4:$A$119,0)),Scoring!$A$4:$N$51,3,FALSE()),0)+IFERROR(VLOOKUP(INDEX(' Toto teams'!$E$4:$E$119,MATCH($B7,' Toto teams'!$A$4:$A$119,0)),Scoring!$A$4:$N$51,4,FALSE()),0)+IFERROR(VLOOKUP(INDEX(' Toto teams'!$E$4:$E$119,MATCH($B7,' Toto teams'!$A$4:$A$119,0)),Scoring!$A$4:$N$51,5,FALSE()),0))+1*(IFERROR(VLOOKUP(INDEX(' Toto teams'!$F$4:$F$119,MATCH($B7,' Toto teams'!$A$4:$A$119,0)),Scoring!$A$4:$N$51,3,FALSE()),0)+IFERROR(VLOOKUP(INDEX(' Toto teams'!$F$4:$F$119,MATCH($B7,' Toto teams'!$A$4:$A$119,0)),Scoring!$A$4:$N$51,4,FALSE()),0)+IFERROR(VLOOKUP(INDEX(' Toto teams'!$F$4:$F$119,MATCH($B7,' Toto teams'!$A$4:$A$119,0)),Scoring!$A$4:$N$51,5,FALSE()),0))+1*(IFERROR(VLOOKUP(INDEX(' Toto teams'!$G$4:$G$119,MATCH($B7,' Toto teams'!$A$4:$A$119,0)),Scoring!$A$4:$N$51,3,FALSE()),0)+IFERROR(VLOOKUP(INDEX(' Toto teams'!$G$4:$G$119,MATCH($B7,' Toto teams'!$A$4:$A$119,0)),Scoring!$A$4:$N$51,4,FALSE()),0)+IFERROR(VLOOKUP(INDEX(' Toto teams'!$G$4:$G$119,MATCH($B7,' Toto teams'!$A$4:$A$119,0)),Scoring!$A$4:$N$51,5,FALSE()),0))+1*(IFERROR(VLOOKUP(INDEX(' Toto teams'!$H$4:$H$119,MATCH($B7,' Toto teams'!$A$4:$A$119,0)),Scoring!$A$4:$N$51,3,FALSE()),0)+IFERROR(VLOOKUP(INDEX(' Toto teams'!$H$4:$H$119,MATCH($B7,' Toto teams'!$A$4:$A$119,0)),Scoring!$A$4:$N$51,4,FALSE()),0)+IFERROR(VLOOKUP(INDEX(' Toto teams'!$H$4:$H$119,MATCH($B7,' Toto teams'!$A$4:$A$119,0)),Scoring!$A$4:$N$51,5,FALSE()),0))+IFERROR(INDEX(' Toto teams'!$Q$4:$Q$119,MATCH($B7,' Toto teams'!$A$4:$A$119,0))*1,0)) | D7: =IF($B7="","",6*IFERROR(VLOOKUP(INDEX(' Toto teams'!$B$4:$B$119,MATCH($B7,' Toto teams'!$A$4:$A$119,0)),Scoring!$A$4:$N$51,7,FALSE()),0)+4*IFERROR(VLOOKUP(INDEX(' Toto teams'!$C$4:$C$119,MATCH($B7,' Toto teams'!$A$4:$A$119,0)),Scoring!$A$4:$N$51,7,FALSE()),0)+3*IFERROR(VLOOKUP(INDEX(' Toto teams'!$D$4:$D$119,MATCH($B7,' Toto teams'!$A$4:$A$119,0)),Scoring!$A$4:$N$51,7,FALSE()),0)+2*IFERROR(VLOOKUP(INDEX(' Toto teams'!$E$4:$E$119,MATCH($B7,' Toto teams'!$A$4:$A$119,0)),Scoring!$A$4:$N$51,7,FALSE()),0)+1*IFERROR(VLOOKUP(INDEX(' Toto teams'!$F$4:$F$119,MATCH($B7,' Toto teams'!$A$4:$A$119,0)),Scoring!$A$4:$N$51,7,FALSE()),0)+1*IFERROR(VLOOKUP(INDEX(' Toto teams'!$G$4:$G$119,MATCH($B7,' Toto teams'!$A$4:$A$119,0)),Scoring!$A$4:$N$51,7,FALSE()),0)+1*IFERROR(VLOOKUP(INDEX(' Toto teams'!$H$4:$H$119,MATCH($B7,' Toto teams'!$A$4:$A$119,0)),Scoring!$A$4:$N$51,7,FALSE()),0)) | E7: =IF($B7="","",6*IFERROR(VLOOKUP(INDEX(' Toto teams'!$B$4:$B$119,MATCH($B7,' Toto teams'!$A$4:$A$119,0)),Scoring!$A$4:$N$51,8,FALSE()),0)+4*IFERROR(VLOOKUP(INDEX(' Toto teams'!$C$4:$C$119,MATCH($B7,' Toto teams'!$A$4:$A$119,0)),Scoring!$A$4:$N$51,8,FALSE()),0)+3*IFERROR(VLOOKUP(INDEX(' Toto teams'!$D$4:$D$119,MATCH($B7,' Toto teams'!$A$4:$A$119,0)),Scoring!$A$4:$N$51,8,FALSE()),0)+2*IFERROR(VLOOKUP(INDEX(' Toto teams'!$E$4:$E$119,MATCH($B7,' Toto teams'!$A$4:$A$119,0)),Scoring!$A$4:$N$51,8,FALSE()),0)+1*IFERROR(VLOOKUP(INDEX(' Toto teams'!$F$4:$F$119,MATCH($B7,' Toto teams'!$A$4:$A$119,0)),Scoring!$A$4:$N$51,8,FALSE()),0)+1*IFERROR(VLOOKUP(INDEX(' Toto teams'!$G$4:$G$119,MATCH($B7,' Toto teams'!$A$4:$A$119,0)),Scoring!$A$4:$N$51,8,FALSE()),0)+1*IFERROR(VLOOKUP(INDEX(' Toto teams'!$H$4:$H$119,MATCH($B7,' Toto teams'!$A$4:$A$119,0)),Scoring!$A$4:$N$51,8,FALSE()),0)) | F7: =IF($B7="","",6*IFERROR(VLOOKUP(INDEX(' Toto teams'!$B$4:$B$119,MATCH($B7,' Toto teams'!$A$4:$A$119,0)),Scoring!$A$4:$N$51,9,FALSE()),0)+4*IFERROR(VLOOKUP(INDEX(' Toto teams'!$C$4:$C$119,MATCH($B7,' Toto teams'!$A$4:$A$119,0)),Scoring!$A$4:$N$51,9,FALSE()),0)+3*IFERROR(VLOOKUP(INDEX(' Toto teams'!$D$4:$D$119,MATCH($B7,' Toto teams'!$A$4:$A$119,0)),Scoring!$A$4:$N$51,9,FALSE()),0)+2*IFERROR(VLOOKUP(INDEX(' Toto teams'!$E$4:$E$119,MATCH($B7,' Toto teams'!$A$4:$A$119,0)),Scoring!$A$4:$N$51,9,FALSE()),0)+1*IFERROR(VLOOKUP(INDEX(' Toto teams'!$F$4:$F$119,MATCH($B7,' Toto teams'!$A$4:$A$119,0)),Scoring!$A$4:$N$51,9,FALSE()),0)+1*IFERROR(VLOOKUP(INDEX(' Toto teams'!$G$4:$G$119,MATCH($B7,' Toto teams'!$A$4:$A$119,0)),Scoring!$A$4:$N$51,9,FALSE()),0)+1*IFERROR(VLOOKUP(INDEX(' Toto teams'!$H$4:$H$119,MATCH($B7,' Toto teams'!$A$4:$A$119,0)),Scoring!$A$4:$N$51,9,FALSE()),0)) | G7: =IF($B7="","",6*IFERROR(VLOOKUP(INDEX(' Toto teams'!$B$4:$B$119,MATCH($B7,' Toto teams'!$A$4:$A$119,0)),Scoring!$A$4:$N$51,10,FALSE()),0)+4*IFERROR(VLOOKUP(INDEX(' Toto teams'!$C$4:$C$119,MATCH($B7,' Toto teams'!$A$4:$A$119,0)),Scoring!$A$4:$N$51,10,FALSE()),0)+3*IFERROR(VLOOKUP(INDEX(' Toto teams'!$D$4:$D$119,MATCH($B7,' Toto teams'!$A$4:$A$119,0)),Scoring!$A$4:$N$51,10,FALSE()),0)+2*IFERROR(VLOOKUP(INDEX(' Toto teams'!$E$4:$E$119,MATCH($B7,' Toto teams'!$A$4:$A$119,0)),Scoring!$A$4:$N$51,10,FALSE()),0)+1*IFERROR(VLOOKUP(INDEX(' Toto teams'!$F$4:$F$119,MATCH($B7,' Toto teams'!$A$4:$A$119,0)),Scoring!$A$4:$N$51,10,FALSE()),0)+1*IFERROR(VLOOKUP(INDEX(' Toto teams'!$G$4:$G$119,MATCH($B7,' Toto teams'!$A$4:$A$119,0)),Scoring!$A$4:$N$51,10,FALSE()),0)+1*IFERROR(VLOOKUP(INDEX(' Toto teams'!$H$4:$H$119,MATCH($B7,' Toto teams'!$A$4:$A$119,0)),Scoring!$A$4:$N$51,10,FALSE()),0)) | H7: =IF($B7="","",6*IFERROR(VLOOKUP(INDEX(' Toto teams'!$B$4:$B$119,MATCH($B7,' Toto teams'!$A$4:$A$119,0)),Scoring!$A$4:$N$51,11,FALSE()),0)+4*IFERROR(VLOOKUP(INDEX(' Toto teams'!$C$4:$C$119,MATCH($B7,' Toto teams'!$A$4:$A$119,0)),Scoring!$A$4:$N$51,11,FALSE()),0)+3*IFERROR(VLOOKUP(INDEX(' Toto teams'!$D$4:$D$119,MATCH($B7,' Toto teams'!$A$4:$A$119,0)),Scoring!$A$4:$N$51,11,FALSE()),0)+2*IFERROR(VLOOKUP(INDEX(' Toto teams'!$E$4:$E$119,MATCH($B7,' Toto teams'!$A$4:$A$119,0)),Scoring!$A$4:$N$51,11,FALSE()),0)+1*IFERROR(VLOOKUP(INDEX(' Toto teams'!$F$4:$F$119,MATCH($B7,' Toto teams'!$A$4:$A$119,0)),Scoring!$A$4:$N$51,11,FALSE()),0)+1*IFERROR(VLOOKUP(INDEX(' Toto teams'!$G$4:$G$119,MATCH($B7,' Toto teams'!$A$4:$A$119,0)),Scoring!$A$4:$N$51,11,FALSE()),0)+1*IFERROR(VLOOKUP(INDEX(' Toto teams'!$H$4:$H$119,MATCH($B7,' Toto teams'!$A$4:$A$119,0)),Scoring!$A$4:$N$51,11,FALSE()),0)) | I7: =IF($B7="","",6*IFERROR(VLOOKUP(INDEX(' Toto teams'!$B$4:$B$119,MATCH($B7,' Toto teams'!$A$4:$A$119,0)),Scoring!$A$4:$O$51,15,FALSE()),0)+4*IFERROR(VLOOKUP(INDEX(' Toto teams'!$C$4:$C$119,MATCH($B7,' Toto teams'!$A$4:$A$119,0)),Scoring!$A$4:$O$51,15,FALSE()),0)+3*IFERROR(VLOOKUP(INDEX(' Toto teams'!$D$4:$D$119,MATCH($B7,' Toto teams'!$A$4:$A$119,0)),Scoring!$A$4:$O$51,15,FALSE()),0)+2*IFERROR(VLOOKUP(INDEX(' Toto teams'!$E$4:$E$119,MATCH($B7,' Toto teams'!$A$4:$A$119,0)),Scoring!$A$4:$O$51,15,FALSE()),0)+1*IFERROR(VLOOKUP(INDEX(' Toto teams'!$F$4:$F$119,MATCH($B7,' Toto teams'!$A$4:$A$119,0)),Scoring!$A$4:$O$51,15,FALSE()),0)+1*IFERROR(VLOOKUP(INDEX(' Toto teams'!$G$4:$G$119,MATCH($B7,' Toto teams'!$A$4:$A$119,0)),Scoring!$A$4:$O$51,15,FALSE()),0)+1*IFERROR(VLOOKUP(INDEX(' Toto teams'!$H$4:$H$119,MATCH($B7,' Toto teams'!$A$4:$A$119,0)),Scoring!$A$4:$O$51,15,FALSE()),0)) | J7: =IF($B7="","",6*IFERROR(VLOOKUP(INDEX(' Toto teams'!$B$4:$B$119,MATCH($B7,' Toto teams'!$A$4:$A$119,0)),Scoring!$A$4:$N$51,12,FALSE()),0)+4*IFERROR(VLOOKUP(INDEX(' Toto teams'!$C$4:$C$119,MATCH($B7,' Toto teams'!$A$4:$A$119,0)),Scoring!$A$4:$N$51,12,FALSE()),0)+3*IFERROR(VLOOKUP(INDEX(' Toto teams'!$D$4:$D$119,MATCH($B7,' Toto teams'!$A$4:$A$119,0)),Scoring!$A$4:$N$51,12,FALSE()),0)+2*IFERROR(VLOOKUP(INDEX(' Toto teams'!$E$4:$E$119,MATCH($B7,' Toto teams'!$A$4:$A$119,0)),Scoring!$A$4:$N$51,12,FALSE()),0)+1*IFERROR(VLOOKUP(INDEX(' Toto teams'!$F$4:$F$119,MATCH($B7,' Toto teams'!$A$4:$A$119,0)),Scoring!$A$4:$N$51,12,FALSE()),0)+1*IFERROR(VLOOKUP(INDEX(' Toto teams'!$G$4:$G$119,MATCH($B7,' Toto teams'!$A$4:$A$119,0)),Scoring!$A$4:$N$51,12,FALSE()),0)+1*IFERROR(VLOOKUP(INDEX(' Toto teams'!$H$4:$H$119,MATCH($B7,' Toto teams'!$A$4:$A$119,0)),Scoring!$A$4:$N$51,12,FALSE()),0)) | K7: =IF($B7="","",IFERROR(INDEX(' Toto teams'!$R$4:$R$119,MATCH($B7,' Toto teams'!$A$4:$A$119,0)),"")) | L7: =IFERROR(IF(B7="","",VLOOKUP(A7,$N$4:$R$12,5,FALSE())),0) | N7: 4 | O7: 0.05 | P7: =$O$15*O7 | Q7: =COUNTIF($A$4:$A$119,N7) | R7: =IF(Q7=0,0,SUMPRODUCT(($N$4:$N$12>=N7)*($N$4:$N$12<=N7+Q7-1)*$P$4:$P$12)/Q7)
